id;admlc_id;adm_local;razao_social;cnpj;cidade;uf;status_id;admrg_id;created_at;updated_at
;1;NÃO DEFINIDA;CONGREGAÇÃO CRISTÃ NO BRASIL;;NULL;XX;0;4;12/02/2026 22:37;12/02/2026 22:37
;2;ADM - CUBATÃO - SP;CONGREGAÇÃO CRISTÃ NO BRASIL;5,16E+13;CUBATÃO;SP;0;2;12/02/2026 22:37;12/02/2026 22:37
;3;ADM - GUARUJÁ - SP;CONGREGAÇÃO CRISTÃ NO BRASIL;5,43E+13;GUARUJÁ;SP;1;2;12/02/2026 22:37;12/02/2026 22:37
;4;ADM - SÃO VICENTE - SP;CONGREGAÇÃO CRISTÃ NO BRASIL;5,17E+13;SÃO VICENTE;SP;1;2;12/02/2026 22:37;12/02/2026 22:37
;5;ADM - SANTOS - SP;CONGREGAÇÃO CRISTÃ NO BRASIL;5,83E+13;SANTOS;SP;1;2;12/02/2026 22:37;12/02/2026 22:37
;6;ADM - EMBU DAS ARTES - SP;CONGREGAÇÃO CRISTÃ NO BRASIL;1,64E+12;EMBU DAS ARTES;SP;1;154;12/02/2026 22:37;12/02/2026 22:37
;7;ADM - CAPIVARI - SP;CONGREGAÇÃO CRISTÃ NO BRASIL;4,69E+13;CAPIVARI;SP;1;3;12/02/2026 22:37;12/02/2026 22:37
;8;ADM - ACRELÂNDIA - AC;CONGREGAÇÃO CRISTÃ NO BRASIL;5,78E+12;ACRELÂNDIA;AC;1;136;12/02/2026 22:37;12/02/2026 22:37
;9;ADM - BRASILÉIA - AC;CONGREGAÇÃO CRISTÃ NO BRASIL;3,47E+13;BRASILÉIA;AC;1;136;12/02/2026 22:37;12/02/2026 22:37
;10;ADM - CRUZEIRO DO SUL - AC;CONGREGAÇÃO CRISTÃ NO BRASIL;1,44E+13;CRUZEIRO DO SUL;AC;1;136;12/02/2026 22:37;12/02/2026 22:37
;11;ADM - PLÁCIDO DE CASTRO - AC;CONGREGAÇÃO CRISTÃ NO BRASIL;5,62E+12;PLÁCIDO DE CASTRO;AC;1;136;12/02/2026 22:37;12/02/2026 22:37
;12;ADM - RIO BRANCO - AC;CONGREGAÇÃO CRISTÃ NO BRASIL;4,03E+12;RIO BRANCO;AC;1;136;12/02/2026 22:37;12/02/2026 22:37
;13;ADM - SENA MADUREIRA - AC;CONGREGAÇÃO CRISTÃ NO BRASIL;1,38E+12;SENA MADUREIRA;AC;1;136;12/02/2026 22:37;12/02/2026 22:37
;14;ADM - XAPURI - AC;CONGREGAÇÃO CRISTÃ NO BRASIL;1,09E+12;XAPURI;AC;1;136;12/02/2026 22:37;12/02/2026 22:37
;15;ADM - ARAPIRACA - AL;CONGREGAÇÃO CRISTÃ NO BRASIL;2,42E+13;ARAPIRACA;AL;1;114;12/02/2026 22:37;12/02/2026 22:37
;16;ADM - DELMIRO GOUVEIA - AL;CONGREGAÇÃO CRISTÃ NO BRASIL;3,80E+12;DELMIRO GOUVEIA;AL;1;114;12/02/2026 22:37;12/02/2026 22:37
;17;ADM - MACEIÓ - AL;CONGREGAÇÃO CRISTÃ NO BRASIL;1,22E+13;MACEIÓ;AL;1;114;12/02/2026 22:37;12/02/2026 22:37
;18;ADM - PALMEIRA DOS ÍNDIOS - AL;CONGREGAÇÃO CRISTÃ NO BRASIL;1,22E+13;PALMEIRA DOS ÍNDIOS;AL;1;114;12/02/2026 22:37;12/02/2026 22:37
;19;ADM - APUÍ - AM;CONGREGAÇÃO CRISTÃ NO BRASIL;1,69E+12;APUÍ;AM;1;218;12/02/2026 22:37;12/02/2026 22:37
;20;ADM - HUMAITÁ - AM;CONGREGAÇÃO CRISTÃ NO BRASIL;2,40E+12;HUMAITÁ;AM;1;218;12/02/2026 22:37;12/02/2026 22:37
;21;ADM - MANAUS - AM;CONGREGAÇÃO CRISTÃ NO BRASIL;4,31E+12;MANAUS;AM;1;6;12/02/2026 22:37;12/02/2026 22:37
;22;ADM - TEFÉ - AM;CONGREGAÇÃO CRISTÃ NO BRASIL;2,22E+12;TEFÉ;AM;1;6;12/02/2026 22:37;12/02/2026 22:37
;23;ADM - MACAPÁ - AP;CONGREGAÇÃO CRISTÃ NO BRASIL;5,99E+12;MACAPÁ;AP;1;160;12/02/2026 22:37;12/02/2026 22:37
;24;ADM - ALAGOINHAS - BA;CONGREGAÇÃO CRISTÃ NO BRASIL;1,32E+13;ALAGOINHAS;BA;1;7;12/02/2026 22:37;12/02/2026 22:37
;25;ADM - APORÁ - BA;CONGREGAÇÃO CRISTÃ NO BRASIL;1,61E+13;APORÁ;BA;1;7;12/02/2026 22:37;12/02/2026 22:37
;26;ADM - OLINDINA - BA;CONGREGAÇÃO CRISTÃ NO BRASIL;1,33E+13;OLINDINA;BA;1;7;12/02/2026 22:37;12/02/2026 22:37
;27;ADM - PAULO AFONSO - BA;CONGREGAÇÃO CRISTÃ NO BRASIL;1,46E+13;PAULO AFONSO;BA;1;10;12/02/2026 22:37;12/02/2026 22:37
;28;ADM - BARREIRAS - BA;CONGREGAÇÃO CRISTÃ NO BRASIL;1,63E+13;BARREIRAS;BA;1;8;12/02/2026 22:37;12/02/2026 22:37
;29;ADM - BOM JESUS DA LAPA - BA;CONGREGAÇÃO CRISTÃ NO BRASIL;1,32E+13;BOM JESUS DA LAPA;BA;1;8;12/02/2026 22:37;12/02/2026 22:37
;30;ADM - SANTA MARIA DA VITÓRIA - BA;CONGREGAÇÃO CRISTÃ NO BRASIL;1,44E+13;SANTA MARIA DA VITÓRIA;BA;1;8;12/02/2026 22:37;12/02/2026 22:37
;31;ADM - CANSANÇÃO - BA;CONGREGAÇÃO CRISTÃ NO BRASIL;4,71E+12;CANSANÇÃO;BA;1;10;12/02/2026 22:37;12/02/2026 22:37
;32;ADM - EUCLIDES DA CUNHA - BA;CONGREGAÇÃO CRISTÃ NO BRASIL;6,31E+13;EUCLIDES DA CUNHA;BA;1;10;12/02/2026 22:37;12/02/2026 22:37
;33;ADM - ITIÚBA - BA;CONGREGAÇÃO CRISTÃ NO BRASIL;9,83E+11;ITIÚBA;BA;1;10;12/02/2026 22:37;12/02/2026 22:37
;34;ADM - MONTE SANTO - BA;CONGREGAÇÃO CRISTÃ NO BRASIL;1,14E+13;MONTE SANTO;BA;1;10;12/02/2026 22:37;12/02/2026 22:37
;35;ADM - UAUÁ - BA;CONGREGAÇÃO CRISTÃ NO BRASIL;1,33E+13;UAUÁ;BA;1;10;12/02/2026 22:37;12/02/2026 22:37
;36;ADM - CONCEIÇÃO DO COITÉ - BA;CONGREGAÇÃO CRISTÃ NO BRASIL;1,26E+13;CONCEIÇÃO DO COITÉ;BA;1;11;12/02/2026 22:37;12/02/2026 22:37
;37;ADM - FEIRA DE SANTANA - BA;CONGREGAÇÃO CRISTÃ NO BRASIL;1,42E+13;FEIRA DE SANTANA;BA;1;11;12/02/2026 22:37;12/02/2026 22:37
;38;ADM - IAÇU - BA;CONGREGAÇÃO CRISTÃ NO BRASIL;4,50E+12;IAÇU;BA;1;203;12/02/2026 22:37;12/02/2026 22:37
;39;ADM - ITABERABA - BA;CONGREGAÇÃO CRISTÃ NO BRASIL;4,47E+12;ITABERABA;BA;1;203;12/02/2026 22:37;12/02/2026 22:37
;40;ADM - MUTUÍPE - BA;CONGREGAÇÃO CRISTÃ NO BRASIL;5,47E+12;MUTUÍPE;BA;1;203;12/02/2026 22:37;12/02/2026 22:37
;41;ADM - SERRINHA - BA;CONGREGAÇÃO CRISTÃ NO BRASIL;1,23E+13;SERRINHA;BA;1;11;12/02/2026 22:37;12/02/2026 22:37
;42;ADM - TUCANO - BA;CONGREGAÇÃO CRISTÃ NO BRASIL;1,25E+13;TUCANO;BA;1;11;12/02/2026 22:37;12/02/2026 22:37
;43;ADM - VALENTE - BA;CONGREGAÇÃO CRISTÃ NO BRASIL;1,32E+13;VALENTE;BA;1;11;12/02/2026 22:37;12/02/2026 22:37
;44;ADM - ABAÍRA - BA;CONGREGAÇÃO CRISTÃ NO BRASIL;1,45E+13;ABAÍRA;BA;1;12;12/02/2026 22:37;12/02/2026 22:37
;45;ADM - BRUMADO - BA;CONGREGAÇÃO CRISTÃ NO BRASIL;1,37E+13;BRUMADO;BA;1;12;12/02/2026 22:37;12/02/2026 22:37
;46;ADM - GUANAMBI - BA;CONGREGAÇÃO CRISTÃ NO BRASIL;1,41E+13;GUANAMBI;BA;1;12;12/02/2026 22:37;12/02/2026 22:37
;47;ADM - PARAMIRIM - BA;CONGREGAÇÃO CRISTÃ NO BRASIL;1,94E+13;PARAMIRIM;BA;1;12;12/02/2026 22:37;12/02/2026 22:37
;48;ADM - URANDI - BA;CONGREGAÇÃO CRISTÃ NO BRASIL;6,32E+13;URANDI;BA;1;12;12/02/2026 22:37;12/02/2026 22:37
;49;ADM - ILHÉUS - BA;CONGREGAÇÃO CRISTÃ NO BRASIL;4,09E+12;ILHÉUS;BA;1;13;12/02/2026 22:37;12/02/2026 22:37
;50;ADM - ITABUNA - BA;CONGREGAÇÃO CRISTÃ NO BRASIL;1,42E+13;ITABUNA;BA;1;13;12/02/2026 22:37;12/02/2026 22:37
;51;ADM - ITAPETINGA - BA;CONGREGAÇÃO CRISTÃ NO BRASIL;1,47E+13;ITAPETINGA;BA;1;13;12/02/2026 22:37;12/02/2026 22:37
;52;ADM - JEQUIÉ - BA;CONGREGAÇÃO CRISTÃ NO BRASIL;4,45E+12;JEQUIÉ;BA;1;16;12/02/2026 22:37;12/02/2026 22:37
;53;ADM - MARACÁS - BA;CONGREGAÇÃO CRISTÃ NO BRASIL;1,32E+13;MARACÁS;BA;1;203;12/02/2026 22:37;12/02/2026 22:37
;54;ADM - BARRA - BA;CONGREGAÇÃO CRISTÃ NO BRASIL;1,84E+13;BARRA;BA;1;9;12/02/2026 22:37;12/02/2026 22:37
;55;ADM - JACOBINA - BA;CONGREGAÇÃO CRISTÃ NO BRASIL;1,43E+13;JACOBINA;BA;1;137;12/02/2026 22:37;12/02/2026 22:37
;56;ADM - JOÃO DOURADO - BA;CONGREGAÇÃO CRISTÃ NO BRASIL;1,43E+13;JOÃO DOURADO;BA;1;9;12/02/2026 22:37;12/02/2026 22:37
;57;ADM - SEABRA - BA;CONGREGAÇÃO CRISTÃ NO BRASIL;1,32E+13;SEABRA;BA;1;9;12/02/2026 22:37;12/02/2026 22:37
;58;ADM - UTINGA - BA;CONGREGAÇÃO CRISTÃ NO BRASIL;1,82E+13;UTINGA;BA;1;9;12/02/2026 22:37;12/02/2026 22:37
;59;ADM - VÁRZEA DA ROÇA - BA;CONGREGAÇÃO CRISTÃ NO BRASIL;4,70E+12;VÁRZEA DA ROÇA;BA;1;137;12/02/2026 22:37;12/02/2026 22:37
;60;ADM - CASA NOVA - BA;CONGREGAÇÃO CRISTÃ NO BRASIL;1,35E+13;CASA NOVA;BA;1;14;12/02/2026 22:37;12/02/2026 22:37
;61;ADM - CURAÇÁ - BA;CONGREGAÇÃO CRISTÃ NO BRASIL;3,20E+12;CURAÇÁ;BA;1;14;12/02/2026 22:37;12/02/2026 22:37
;62;ADM - JUAZEIRO - BA;CONGREGAÇÃO CRISTÃ NO BRASIL;1,33E+13;JUAZEIRO;BA;1;14;12/02/2026 22:37;12/02/2026 22:37
;63;ADM - REMANSO - BA;CONGREGAÇÃO CRISTÃ NO BRASIL;1,33E+13;REMANSO;BA;1;216;12/02/2026 22:37;12/02/2026 22:37
;64;ADM - CAMAÇARI - BA;CONGREGAÇÃO CRISTÃ NO BRASIL;1,32E+13;CAMAÇARI;BA;1;17;12/02/2026 22:37;12/02/2026 22:37
;65;ADM - CANDEIAS - BA;CONGREGAÇÃO CRISTÃ NO BRASIL;1,47E+13;CANDEIAS;BA;1;17;12/02/2026 22:37;12/02/2026 22:37
;66;ADM - SANTO ANTÔNIO DE JESUS - BA;CONGREGAÇÃO CRISTÃ NO BRASIL;4,22E+13;SANTO ANTÔNIO DE JESUS;BA;1;11;12/02/2026 22:37;12/02/2026 22:37
;67;ADM - CAMPO FORMOSO - BA;CONGREGAÇÃO CRISTÃ NO BRASIL;3,71E+12;CAMPO FORMOSO;BA;1;137;12/02/2026 22:37;12/02/2026 22:37
;68;ADM - CAPIM GROSSO - BA;CONGREGAÇÃO CRISTÃ NO BRASIL;3,72E+12;CAPIM GROSSO;BA;1;137;12/02/2026 22:37;12/02/2026 22:37
;69;ADM - JAGUARARI - BA;CONGREGAÇÃO CRISTÃ NO BRASIL;1,46E+13;JAGUARARI;BA;1;137;12/02/2026 22:37;12/02/2026 22:37
;70;ADM - SENHOR DO BONFIM - BA;CONGREGAÇÃO CRISTÃ NO BRASIL;6,31E+13;SENHOR DO BONFIM;BA;1;137;12/02/2026 22:37;12/02/2026 22:37
;71;ADM - EUNÁPOLIS - BA;CONGREGAÇÃO CRISTÃ NO BRASIL;6,32E+13;EUNÁPOLIS;BA;1;18;12/02/2026 22:37;12/02/2026 22:37
;72;ADM - ITAMARAJU - BA;CONGREGAÇÃO CRISTÃ NO BRASIL;5,10E+12;ITAMARAJU;BA;1;18;12/02/2026 22:37;12/02/2026 22:37
;73;ADM - ITANHÉM - BA;CONGREGAÇÃO CRISTÃ NO BRASIL;1,32E+13;ITANHÉM;BA;1;18;12/02/2026 22:37;12/02/2026 22:37
;74;ADM - NOVA VIÇOSA - BA;CONGREGAÇÃO CRISTÃ NO BRASIL;1,38E+12;NOVA VIÇOSA;BA;1;18;12/02/2026 22:37;12/02/2026 22:37
;75;ADM - PORTO SEGURO - BA;CONGREGAÇÃO CRISTÃ NO BRASIL;1,95E+13;PORTO SEGURO;BA;1;18;12/02/2026 22:37;12/02/2026 22:37
;76;ADM - TEIXEIRA DE FREITAS - BA;CONGREGAÇÃO CRISTÃ NO BRASIL;4,27E+13;TEIXEIRA DE FREITAS;BA;1;18;12/02/2026 22:37;12/02/2026 22:37
;77;ADM - BARRA DA ESTIVA - BA;CONGREGAÇÃO CRISTÃ NO BRASIL;2,27E+12;BARRA DA ESTIVA;BA;1;12;12/02/2026 22:37;12/02/2026 22:37
;78;ADM - PLANALTO - BA;CONGREGAÇÃO CRISTÃ NO BRASIL;1,82E+13;PLANALTO;BA;1;16;12/02/2026 22:37;12/02/2026 22:37
;79;ADM - TREMEDAL - BA;CONGREGAÇÃO CRISTÃ NO BRASIL;1,81E+13;TREMEDAL;BA;1;16;12/02/2026 22:37;12/02/2026 22:37
;80;ADM - VITÓRIA DA CONQUISTA - BA;CONGREGAÇÃO CRISTÃ NO BRASIL;1,42E+13;VITÓRIA DA CONQUISTA;BA;1;16;12/02/2026 22:37;12/02/2026 22:37
;81;ADM - CRATEÚS - CE;CONGREGAÇÃO CRISTÃ NO BRASIL;7,90E+12;CRATEÚS;CE;1;210;12/02/2026 22:37;12/02/2026 22:37
;82;ADM - FORTALEZA - CE;CONGREGAÇÃO CRISTÃ NO BRASIL;5,55E+12;FORTALEZA;CE;1;20;12/02/2026 22:37;12/02/2026 22:37
;83;ADM - ITAPIPOCA - CE;CONGREGAÇÃO CRISTÃ NO BRASIL;1,48E+13;ITAPIPOCA;CE;1;214;12/02/2026 22:37;12/02/2026 22:37
;84;ADM - ITATIRA - CE;CONGREGAÇÃO CRISTÃ NO BRASIL;6,58E+12;ITATIRA;CE;1;20;12/02/2026 22:37;12/02/2026 22:37
;85;ADM - MARACANAÚ - CE;CONGREGAÇÃO CRISTÃ NO BRASIL;1,96E+13;MARACANAÚ;CE;1;20;12/02/2026 22:37;12/02/2026 22:37
;86;ADM - PACAJUS - CE;CONGREGAÇÃO CRISTÃ NO BRASIL;1,49E+13;PACAJUS;CE;1;20;12/02/2026 22:37;12/02/2026 22:37
;87;ADM - RUSSAS - CE;CONGREGAÇÃO CRISTÃ NO BRASIL;1,15E+13;RUSSAS;CE;1;192;12/02/2026 22:37;12/02/2026 22:37
;88;ADM - SOBRAL - CE;CONGREGAÇÃO CRISTÃ NO BRASIL;1,31E+13;SOBRAL;CE;1;214;12/02/2026 22:37;12/02/2026 22:37
;89;ADM - ACOPIARA - CE;CONGREGAÇÃO CRISTÃ NO BRASIL;5,27E+12;ACOPIARA;CE;1;210;12/02/2026 22:37;12/02/2026 22:37
;90;ADM - JUAZEIRO DO NORTE - CE;CONGREGAÇÃO CRISTÃ NO BRASIL;6,75E+12;JUAZEIRO DO NORTE;CE;1;19;12/02/2026 22:37;12/02/2026 22:37
;91;ADM - MAURITI - CE;CONGREGAÇÃO CRISTÃ NO BRASIL;1,07E+13;MAURITI;CE;1;191;12/02/2026 22:37;12/02/2026 22:37
;92;ADM - TAUÁ - CE;CONGREGAÇÃO CRISTÃ NO BRASIL;4,13E+13;TAUÁ;CE;1;210;12/02/2026 22:37;12/02/2026 22:37
;93;ADM - BRASÍLIA - DF;CONGREGAÇÃO CRISTÃ NO BRASIL;1,02E+11;NÚCLEO BANDEIRANTE;DF;1;106;12/02/2026 22:37;12/02/2026 22:37
;94;ADM - ÁGUAS LINDAS DE GOIÁS - GO;CONGREGAÇÃO CRISTÃ NO BRASIL;5,02E+12;ÁGUAS LINDAS DE GOIÁS;GO;1;106;12/02/2026 22:37;12/02/2026 22:37
;95;ADM - ALEXÂNIA - GO;CONGREGAÇÃO CRISTÃ NO BRASIL;2,66E+13;ALEXÂNIA;GO;1;106;12/02/2026 22:37;12/02/2026 22:37
;96;ADM - ALVORADA DO NORTE - GO;CONGREGAÇÃO CRISTÃ NO BRASIL;2,49E+13;ALVORADA DO NORTE;GO;1;106;12/02/2026 22:37;12/02/2026 22:37
;97;ADM - CAMPOS BELOS - GO;CONGREGAÇÃO CRISTÃ NO BRASIL;7,77E+12;CAMPOS BELOS;GO;1;106;12/02/2026 22:37;12/02/2026 22:37
;98;ADM - FORMOSA - GO;CONGREGAÇÃO CRISTÃ NO BRASIL;2,49E+13;FORMOSA;GO;1;106;12/02/2026 22:37;12/02/2026 22:37
;99;ADM - LUZIÂNIA - GO;CONGREGAÇÃO CRISTÃ NO BRASIL;2,51E+13;LUZIÂNIA;GO;1;106;12/02/2026 22:37;12/02/2026 22:37
;100;ADM - NOVO GAMA - GO;CONGREGAÇÃO CRISTÃ NO BRASIL;1,96E+13;NOVO GAMA;GO;1;106;12/02/2026 22:37;12/02/2026 22:37
;101;ADM - PADRE BERNARDO - GO;CONGREGAÇÃO CRISTÃ NO BRASIL;8,26E+12;PADRE BERNARDO;GO;1;106;12/02/2026 22:37;12/02/2026 22:37
;102;ADM - PLANALTINA DE GOIÁS - GO;CONGREGAÇÃO CRISTÃ NO BRASIL;5,42E+12;PLANALTINA DE GOIÁS;GO;1;106;12/02/2026 22:37;12/02/2026 22:37
;103;ADM - BURITIS - MG;CONGREGAÇÃO CRISTÃ NO BRASIL;2,02E+13;BURITIS;MG;1;106;12/02/2026 22:37;12/02/2026 22:37
;104;ADM - PARACATU - MG;CONGREGAÇÃO CRISTÃ NO BRASIL;2,02E+13;PARACATU;MG;1;48;12/02/2026 22:37;12/02/2026 22:37
;105;ADM - UNAÍ - MG;CONGREGAÇÃO CRISTÃ NO BRASIL;2,02E+13;UNAÍ;MG;1;106;12/02/2026 22:37;12/02/2026 22:37
;106;ADM - CACHOEIRO DE ITAPEMIRIM - ES;CONGREGAÇÃO CRISTÃ NO BRASIL;2,84E+13;CACHOEIRO DE ITAPEMIRIM;ES;1;211;12/02/2026 22:37;12/02/2026 22:37
;107;ADM - COLATINA - ES;CONGREGAÇÃO CRISTÃ NO BRASIL;3,18E+13;COLATINA;ES;1;21;12/02/2026 22:37;12/02/2026 22:37
;108;ADM - GUAÇUÍ - ES;CONGREGAÇÃO CRISTÃ NO BRASIL;3,93E+13;GUAÇUÍ;ES;1;211;12/02/2026 22:37;12/02/2026 22:37
;109;ADM - NOVA VENÉCIA - ES;CONGREGAÇÃO CRISTÃ NO BRASIL;4,92E+12;NOVA VENÉCIA;ES;1;190;12/02/2026 22:37;12/02/2026 22:37
;110;ADM - SÃO MATEUS - ES;CONGREGAÇÃO CRISTÃ NO BRASIL;3,18E+13;SÃO MATEUS;ES;1;190;12/02/2026 22:37;12/02/2026 22:37
;111;ADM - VILA VELHA - ES;CONGREGAÇÃO CRISTÃ NO BRASIL;2,73E+13;VILA VELHA;ES;1;21;12/02/2026 22:37;12/02/2026 22:37
;112;ADM - BOM JESUS DE GOIÁS - GO;CONGREGAÇÃO CRISTÃ NO BRASIL;2,58E+12;BOM JESUS DE GOIÁS;GO;1;22;12/02/2026 22:37;12/02/2026 22:37
;113;ADM - INACIOLÂNDIA - GO;CONGREGAÇÃO CRISTÃ NO BRASIL;2,69E+13;INACIOLÂNDIA;GO;1;22;12/02/2026 22:37;12/02/2026 22:37
;114;ADM - MAURILÂNDIA - GO;CONGREGAÇÃO CRISTÃ NO BRASIL;2,62E+12;MAURILÂNDIA;GO;1;22;12/02/2026 22:37;12/02/2026 22:37
;115;ADM - PARANAIGUARA - GO;CONGREGAÇÃO CRISTÃ NO BRASIL;1,81E+12;PARANAIGUARA;GO;1;22;12/02/2026 22:37;12/02/2026 22:37
;116;ADM - QUIRINÓPOLIS - GO;CONGREGAÇÃO CRISTÃ NO BRASIL;2,06E+12;QUIRINÓPOLIS;GO;1;22;12/02/2026 22:37;12/02/2026 22:37
;117;ADM - SANTA HELENA DE GOIÁS - GO;CONGREGAÇÃO CRISTÃ NO BRASIL;1,40E+12;SANTA HELENA DE GOIÁS;GO;1;22;12/02/2026 22:37;12/02/2026 22:37
;118;ADM - SÃO SIMÃO - GO;CONGREGAÇÃO CRISTÃ NO BRASIL;2,04E+12;SÃO SIMÃO;GO;1;22;12/02/2026 22:37;12/02/2026 22:37
;119;ADM - CATALÃO - GO;CONGREGAÇÃO CRISTÃ NO BRASIL;2,48E+12;CATALÃO;GO;1;23;12/02/2026 22:37;12/02/2026 22:37
;120;ADM - CORUMBAÍBA - GO;CONGREGAÇÃO CRISTÃ NO BRASIL;2,38E+12;CORUMBAÍBA;GO;1;23;12/02/2026 22:37;12/02/2026 22:37
;121;ADM - IPAMERI - GO;CONGREGAÇÃO CRISTÃ NO BRASIL;4242000153;IPAMERI;GO;1;23;12/02/2026 22:37;12/02/2026 22:37
;122;ADM - ANÁPOLIS - GO;CONGREGAÇÃO CRISTÃ NO BRASIL;1,11E+12;ANÁPOLIS;GO;1;24;12/02/2026 22:37;12/02/2026 22:37
;123;ADM - APARECIDA DE GOIÂNIA - GO;CONGREGAÇÃO CRISTÃ NO BRASIL;8,06E+12;APARECIDA DE GOIÂNIA;GO;1;24;12/02/2026 22:37;12/02/2026 22:37
;124;ADM - GOIÂNIA - GO;CONGREGAÇÃO CRISTÃ NO BRASIL;1,64E+12;GOIÂNIA;GO;1;24;12/02/2026 22:37;12/02/2026 22:37
;125;ADM - INDIARA - GO;CONGREGAÇÃO CRISTÃ NO BRASIL;7,99E+12;INDIARA;GO;1;24;12/02/2026 22:37;12/02/2026 22:37
;126;ADM - NERÓPOLIS - GO;CONGREGAÇÃO CRISTÃ NO BRASIL;2,54E+12;NERÓPOLIS;GO;1;24;12/02/2026 22:37;12/02/2026 22:37
;127;ADM - PIRACANJUBA - GO;CONGREGAÇÃO CRISTÃ NO BRASIL;2,45E+12;PIRACANJUBA;GO;1;24;12/02/2026 22:37;12/02/2026 22:37
;128;ADM - SENADOR CANEDO - GO;CONGREGAÇÃO CRISTÃ NO BRASIL;8,39E+12;SENADOR CANEDO;GO;1;24;12/02/2026 22:37;12/02/2026 22:37
;129;ADM - TRINDADE - GO;CONGREGAÇÃO CRISTÃ NO BRASIL;8,03E+12;TRINDADE;GO;1;24;12/02/2026 22:37;12/02/2026 22:37
;130;ADM - FAINA - GO;CONGREGAÇÃO CRISTÃ NO BRASIL;8,12E+12;FAINA;GO;1;177;12/02/2026 22:37;12/02/2026 22:37
;131;ADM - INHUMAS - GO;CONGREGAÇÃO CRISTÃ NO BRASIL;1,76E+12;INHUMAS;GO;1;24;12/02/2026 22:37;12/02/2026 22:37
;132;ADM - ITABERAÍ - GO;CONGREGAÇÃO CRISTÃ NO BRASIL;2,54E+12;ITABERAÍ;GO;1;177;12/02/2026 22:37;12/02/2026 22:37
;133;ADM - ITAUÇU - GO;CONGREGAÇÃO CRISTÃ NO BRASIL;2,48E+13;ITAUÇU;GO;1;29;12/02/2026 22:37;12/02/2026 22:37
;134;ADM - JUSSARA - GO;CONGREGAÇÃO CRISTÃ NO BRASIL;8,17E+12;JUSSARA;GO;1;177;12/02/2026 22:37;12/02/2026 22:37
;135;ADM - TAQUARAL DE GOIÁS - GO;CONGREGAÇÃO CRISTÃ NO BRASIL;2,74E+12;TAQUARAL DE GOIÁS;GO;1;29;12/02/2026 22:37;12/02/2026 22:37
;136;ADM - ARAGARÇAS - GO;CONGREGAÇÃO CRISTÃ NO BRASIL;2,86E+12;ARAGARÇAS;GO;1;138;12/02/2026 22:37;12/02/2026 22:37
;137;ADM - CAIAPÔNIA - GO;CONGREGAÇÃO CRISTÃ NO BRASIL;5033000124;CAIAPÔNIA;GO;1;138;12/02/2026 22:37;12/02/2026 22:37
;138;ADM - DOVERLÂNDIA - GO;CONGREGAÇÃO CRISTÃ NO BRASIL;2,49E+13;DOVERLÂNDIA;GO;1;138;12/02/2026 22:37;12/02/2026 22:37
;139;ADM - IPORÁ - GO;CONGREGAÇÃO CRISTÃ NO BRASIL;7898000120;IPORÁ;GO;1;138;12/02/2026 22:37;12/02/2026 22:37
;140;ADM - PIRANHAS - GO;CONGREGAÇÃO CRISTÃ NO BRASIL;1,78E+12;PIRANHAS;GO;1;138;12/02/2026 22:37;12/02/2026 22:37
;141;ADM - SÃO LUÍS DE MONTES BELOS - GO;CONGREGAÇÃO CRISTÃ NO BRASIL;3,33E+13;SÃO LUÍS DE MONTES BELOS;GO;1;24;12/02/2026 22:37;12/02/2026 22:37
;142;ADM - BURITI ALEGRE - GO;CONGREGAÇÃO CRISTÃ NO BRASIL;2,35E+12;BURITI ALEGRE;GO;1;26;12/02/2026 22:37;12/02/2026 22:37
;143;ADM - CALDAS NOVAS - GO;CONGREGAÇÃO CRISTÃ NO BRASIL;2,17E+12;CALDAS NOVAS;GO;1;22;12/02/2026 22:37;12/02/2026 22:37
;144;ADM - GOIATUBA - GO;CONGREGAÇÃO CRISTÃ NO BRASIL;1,91E+12;GOIATUBA;GO;1;22;12/02/2026 22:37;12/02/2026 22:37
;145;ADM - ITUMBIARA - GO;CONGREGAÇÃO CRISTÃ NO BRASIL;1,16E+12;ITUMBIARA;GO;1;22;12/02/2026 22:37;12/02/2026 22:37
;146;ADM - JOVIÂNIA - GO;CONGREGAÇÃO CRISTÃ NO BRASIL;1,91E+12;JOVIÂNIA;GO;1;22;12/02/2026 22:37;12/02/2026 22:37
;147;ADM - MORRINHOS - GO;CONGREGAÇÃO CRISTÃ NO BRASIL;2,35E+12;MORRINHOS;GO;1;22;12/02/2026 22:37;12/02/2026 22:37
;148;ADM - PONTALINA - GO;CONGREGAÇÃO CRISTÃ NO BRASIL;2,65E+12;PONTALINA;GO;1;26;12/02/2026 22:37;12/02/2026 22:37
;149;ADM - VICENTINÓPOLIS - GO;CONGREGAÇÃO CRISTÃ NO BRASIL;3,73E+12;VICENTINÓPOLIS;GO;1;26;12/02/2026 22:37;12/02/2026 22:37
;150;ADM - CAÇU - GO;CONGREGAÇÃO CRISTÃ NO BRASIL;1,16E+12;CAÇU;GO;1;28;12/02/2026 22:37;12/02/2026 22:37
;151;ADM - JATAÍ - GO;CONGREGAÇÃO CRISTÃ NO BRASIL;2,25E+12;JATAÍ;GO;1;28;12/02/2026 22:37;12/02/2026 22:37
;152;ADM - MINEIROS - GO;CONGREGAÇÃO CRISTÃ NO BRASIL;1,34E+12;MINEIROS;GO;1;28;12/02/2026 22:37;12/02/2026 22:37
;153;ADM - RIO VERDE - GO;CONGREGAÇÃO CRISTÃ NO BRASIL;1,82E+12;RIO VERDE;GO;1;28;12/02/2026 22:37;12/02/2026 22:37
;154;ADM - BARRO ALTO - GO;CONGREGAÇÃO CRISTÃ NO BRASIL;7,72E+11;BARRO ALTO;GO;1;27;12/02/2026 22:37;12/02/2026 22:37
;155;ADM - CAMPINORTE - GO;CONGREGAÇÃO CRISTÃ NO BRASIL;2,27E+12;CAMPINORTE;GO;1;27;12/02/2026 22:37;12/02/2026 22:37
;156;ADM - CARMO DO RIO VERDE - GO;CONGREGAÇÃO CRISTÃ NO BRASIL;8,19E+11;CARMO DO RIO VERDE;GO;1;27;12/02/2026 22:37;12/02/2026 22:37
;157;ADM - CERES - GO;CONGREGAÇÃO CRISTÃ NO BRASIL;1,31E+12;CERES;GO;1;27;12/02/2026 22:37;12/02/2026 22:37
;158;ADM - CRIXÁS - GO;CONGREGAÇÃO CRISTÃ NO BRASIL;1,23E+12;CRIXÁS;GO;1;27;12/02/2026 22:37;12/02/2026 22:37
;159;ADM - GOIANÉSIA - GO;CONGREGAÇÃO CRISTÃ NO BRASIL;1,14E+12;GOIANÉSIA;GO;1;27;12/02/2026 22:37;12/02/2026 22:37
;160;ADM - MINAÇU - GO;CONGREGAÇÃO CRISTÃ NO BRASIL;2,59E+12;MINAÇU;GO;1;27;12/02/2026 22:37;12/02/2026 22:37
;161;ADM - NIQUELÂNDIA - GO;CONGREGAÇÃO CRISTÃ NO BRASIL;7682000164;NIQUELÂNDIA;GO;1;27;12/02/2026 22:37;12/02/2026 22:37
;162;ADM - PORANGATU - GO;CONGREGAÇÃO CRISTÃ NO BRASIL;5314000187;PORANGATU;GO;1;27;12/02/2026 22:37;12/02/2026 22:37
;163;ADM - RUBIATABA - GO;CONGREGAÇÃO CRISTÃ NO BRASIL;1,23E+12;RUBIATABA;GO;1;27;12/02/2026 22:37;12/02/2026 22:37
;164;ADM - URUAÇU - GO;CONGREGAÇÃO CRISTÃ NO BRASIL;7617000139;URUAÇU;GO;1;27;12/02/2026 22:37;12/02/2026 22:37
;165;ADM - URUANA - GO;CONGREGAÇÃO CRISTÃ NO BRASIL;1,23E+12;URUANA;GO;1;177;12/02/2026 22:37;12/02/2026 22:37
;166;ADM - BALSAS - MA;CONGREGAÇÃO CRISTÃ NO BRASIL;3,09E+12;BALSAS;MA;1;30;12/02/2026 22:37;12/02/2026 22:37
;167;ADM - IMPERATRIZ - MA;CONGREGAÇÃO CRISTÃ NO BRASIL;5,70E+12;IMPERATRIZ;MA;1;30;12/02/2026 22:37;12/02/2026 22:37
;168;ADM - DOM ELISEU - PA;CONGREGAÇÃO CRISTÃ NO BRASIL;1,21E+12;DOM ELISEU;PA;1;30;12/02/2026 22:37;12/02/2026 22:37
;169;ADM - COROATÁ - MA;CONGREGAÇÃO CRISTÃ NO BRASIL;1,09E+12;COROATÁ;MA;1;186;12/02/2026 22:37;12/02/2026 22:37
;170;ADM - PRESIDENTE DUTRA - MA;CONGREGAÇÃO CRISTÃ NO BRASIL;2,70E+12;PRESIDENTE DUTRA;MA;1;186;12/02/2026 22:37;12/02/2026 22:37
;171;ADM - SANTA INÊS - MA;CONGREGAÇÃO CRISTÃ NO BRASIL;1,27E+12;SANTA INÊS;MA;1;31;12/02/2026 22:37;12/02/2026 22:37
;172;ADM - SÃO LUÍS - MA;CONGREGAÇÃO CRISTÃ NO BRASIL;7,14E+12;SÃO LUÍS;MA;1;31;12/02/2026 22:37;12/02/2026 22:37
;173;ADM - ARAXÁ - MG;CONGREGAÇÃO CRISTÃ NO BRASIL;1,90E+13;ARAXÁ;MG;1;37;12/02/2026 22:37;12/02/2026 22:37
;174;ADM - LUZ - MG;CONGREGAÇÃO CRISTÃ NO BRASIL;1,99E+13;LUZ;MG;1;37;12/02/2026 22:37;12/02/2026 22:37
;175;ADM - PEDRINÓPOLIS - MG;CONGREGAÇÃO CRISTÃ NO BRASIL;1,86E+13;PEDRINÓPOLIS;MG;1;46;12/02/2026 22:37;12/02/2026 22:37
;176;ADM - BELO HORIZONTE - MG;CONGREGAÇÃO CRISTÃ NO BRASIL;1,75E+13;BELO HORIZONTE;MG;1;49;12/02/2026 22:37;12/02/2026 22:37
;177;ADM - BERILO - MG;CONGREGAÇÃO CRISTÃ NO BRASIL;1,69E+13;BERILO;MG;1;165;12/02/2026 22:37;12/02/2026 22:37
;178;ADM - DIAMANTINA - MG;CONGREGAÇÃO CRISTÃ NO BRASIL;2,02E+13;DIAMANTINA;MG;1;165;12/02/2026 22:37;12/02/2026 22:37
;179;ADM - ITABIRA - MG;CONGREGAÇÃO CRISTÃ NO BRASIL;1,99E+13;ITABIRA;MG;1;164;12/02/2026 22:37;12/02/2026 22:37
;180;ADM - MINAS NOVAS - MG;CONGREGAÇÃO CRISTÃ NO BRASIL;2,02E+13;MINAS NOVAS;MG;1;165;12/02/2026 22:37;12/02/2026 22:37
;181;ADM - MUTUM - MG;CONGREGAÇÃO CRISTÃ NO BRASIL;2,21E+13;MUTUM;MG;1;181;12/02/2026 22:37;12/02/2026 22:37
;182;ADM - OURO PRETO - MG;CONGREGAÇÃO CRISTÃ NO BRASIL;5,46E+12;OURO PRETO;MG;1;166;12/02/2026 22:37;12/02/2026 22:37
;183;ADM - PONTE NOVA - MG;CONGREGAÇÃO CRISTÃ NO BRASIL;1,69E+13;PONTE NOVA;MG;1;208;12/02/2026 22:37;12/02/2026 22:37
;184;ADM - SANTA LUZIA - MG;CONGREGAÇÃO CRISTÃ NO BRASIL;1,75E+13;SANTA LUZIA;MG;1;164;12/02/2026 22:37;12/02/2026 22:37
;185;ADM - SETE LAGOAS - MG;CONGREGAÇÃO CRISTÃ NO BRASIL;1,85E+12;SETE LAGOAS;MG;1;49;12/02/2026 22:37;12/02/2026 22:37
;186;ADM - TRÊS MARIAS - MG;CONGREGAÇÃO CRISTÃ NO BRASIL;2,02E+13;TRÊS MARIAS;MG;1;46;12/02/2026 22:37;12/02/2026 22:37
;187;ADM - VIÇOSA - MG;CONGREGAÇÃO CRISTÃ NO BRASIL;5,46E+12;VIÇOSA;MG;1;208;12/02/2026 22:37;12/02/2026 22:37
;188;ADM - BRASÍLIA DE MINAS - MG;CONGREGAÇÃO CRISTÃ NO BRASIL;2,14E+13;BRASÍLIA DE MINAS;MG;1;38;12/02/2026 22:37;12/02/2026 22:37
;189;ADM - CORAÇÃO DE JESUS - MG;CONGREGAÇÃO CRISTÃ NO BRASIL;1,81E+12;CORAÇÃO DE JESUS;MG;1;43;12/02/2026 22:37;12/02/2026 22:37
;190;ADM - ITACARAMBI - MG;CONGREGAÇÃO CRISTÃ NO BRASIL;4,57E+12;ITACARAMBI;MG;1;205;12/02/2026 22:37;12/02/2026 22:37
;191;ADM - JANUÁRIA - MG;CONGREGAÇÃO CRISTÃ NO BRASIL;2,14E+13;JANUÁRIA;MG;1;205;12/02/2026 22:37;12/02/2026 22:37
;192;ADM - MIRABELA - MG;CONGREGAÇÃO CRISTÃ NO BRASIL;2,27E+13;MIRABELA;MG;1;38;12/02/2026 22:37;12/02/2026 22:37
;193;ADM - SÃO FRANCISCO - MG;CONGREGAÇÃO CRISTÃ NO BRASIL;4,79E+12;SÃO FRANCISCO;MG;1;38;12/02/2026 22:37;12/02/2026 22:37
;194;ADM - VARZELÂNDIA - MG;CONGREGAÇÃO CRISTÃ NO BRASIL;2,14E+13;VARZELÂNDIA;MG;1;38;12/02/2026 22:37;12/02/2026 22:37
;195;ADM - ARCOS - MG;CONGREGAÇÃO CRISTÃ NO BRASIL;2,09E+13;ARCOS;MG;1;167;12/02/2026 22:37;12/02/2026 22:37
;196;ADM - BETIM - MG;CONGREGAÇÃO CRISTÃ NO BRASIL;2,30E+12;BETIM;MG;1;49;12/02/2026 22:37;12/02/2026 22:37
;197;ADM - CONTAGEM - MG;CONGREGAÇÃO CRISTÃ NO BRASIL;7,82E+12;CONTAGEM;MG;1;49;12/02/2026 22:37;12/02/2026 22:37
;198;ADM - DIVINÓPOLIS - MG;CONGREGAÇÃO CRISTÃ NO BRASIL;2,02E+13;DIVINÓPOLIS;MG;1;167;12/02/2026 22:37;12/02/2026 22:37
;199;ADM - FORMIGA - MG;CONGREGAÇÃO CRISTÃ NO BRASIL;2,05E+13;FORMIGA;MG;1;167;12/02/2026 22:37;12/02/2026 22:37
;200;ADM - ITAÚNA - MG;CONGREGAÇÃO CRISTÃ NO BRASIL;1,19E+12;ITAÚNA;MG;1;49;12/02/2026 22:37;12/02/2026 22:37
;201;ADM - LAGOA DA PRATA - MG;CONGREGAÇÃO CRISTÃ NO BRASIL;2,07E+13;LAGOA DA PRATA;MG;1;167;12/02/2026 22:37;12/02/2026 22:37
;202;ADM - PARÁ DE MINAS - MG;CONGREGAÇÃO CRISTÃ NO BRASIL;2,09E+13;PARÁ DE MINAS;MG;1;49;12/02/2026 22:37;12/02/2026 22:37
;203;ADM - PIUMHI - MG;CONGREGAÇÃO CRISTÃ NO BRASIL;1,80E+13;PIUMHI;MG;1;167;12/02/2026 22:37;12/02/2026 22:37
;204;ADM - SÃO JOÃO DEL REI - MG;CONGREGAÇÃO CRISTÃ NO BRASIL;2,03E+13;SÃO JOÃO DEL REI;MG;1;206;12/02/2026 22:37;12/02/2026 22:37
;205;ADM - CARATINGA - MG;CONGREGAÇÃO CRISTÃ NO BRASIL;2,97E+12;CARATINGA;MG;1;181;12/02/2026 22:37;12/02/2026 22:37
;206;ADM - DIONÍSIO - MG;CONGREGAÇÃO CRISTÃ NO BRASIL;;DIONÍSIO;MG;1;181;12/02/2026 22:37;12/02/2026 22:37
;207;ADM - GOVERNADOR VALADARES - MG;CONGREGAÇÃO CRISTÃ NO BRASIL;1,83E+13;GOVERNADOR VALADARES;MG;1;39;12/02/2026 22:37;12/02/2026 22:37
;208;ADM - IPATINGA - MG;CONGREGAÇÃO CRISTÃ NO BRASIL;2,08E+13;IPATINGA;MG;1;181;12/02/2026 22:37;12/02/2026 22:37
;209;ADM - ITAOBIM - MG;CONGREGAÇÃO CRISTÃ NO BRASIL;9,59E+12;ITAOBIM;MG;1;39;12/02/2026 22:37;12/02/2026 22:37
;210;ADM - MANHUAÇU - MG;CONGREGAÇÃO CRISTÃ NO BRASIL;2,97E+12;MANHUAÇU;MG;1;181;12/02/2026 22:37;12/02/2026 22:37
;211;ADM - PALMÓPOLIS - MG;CONGREGAÇÃO CRISTÃ NO BRASIL;1,47E+13;PALMÓPOLIS;MG;1;51;12/02/2026 22:37;12/02/2026 22:37
;212;ADM - TEÓFILO OTONI - MG;CONGREGAÇÃO CRISTÃ NO BRASIL;1,83E+13;TEÓFILO OTONI;MG;1;39;12/02/2026 22:37;12/02/2026 22:37
;213;ADM - ALPINÓPOLIS - MG;CONGREGAÇÃO CRISTÃ NO BRASIL;2,68E+12;ALPINÓPOLIS;MG;1;40;12/02/2026 22:37;12/02/2026 22:37
;214;ADM - ARCEBURGO - MG;CONGREGAÇÃO CRISTÃ NO BRASIL;1,79E+13;ARCEBURGO;MG;1;40;12/02/2026 22:37;12/02/2026 22:37
;215;ADM - CÁSSIA - MG;CONGREGAÇÃO CRISTÃ NO BRASIL;1,93E+13;CÁSSIA;MG;1;40;12/02/2026 22:37;12/02/2026 22:37
;216;ADM - GUARANÉSIA - MG;CONGREGAÇÃO CRISTÃ NO BRASIL;1,98E+13;GUARANÉSIA;MG;1;40;12/02/2026 22:37;12/02/2026 22:37
;217;ADM - GUAXUPÉ - MG;CONGREGAÇÃO CRISTÃ NO BRASIL;1,79E+13;GUAXUPÉ;MG;1;40;12/02/2026 22:37;12/02/2026 22:37
;218;ADM - ITAMOGI - MG;CONGREGAÇÃO CRISTÃ NO BRASIL;1,79E+13;ITAMOGI;MG;1;40;12/02/2026 22:37;12/02/2026 22:37
;219;ADM - ITAÚ DE MINAS - MG;CONGREGAÇÃO CRISTÃ NO BRASIL;2,09E+13;ITAÚ DE MINAS;MG;1;40;12/02/2026 22:37;12/02/2026 22:37
;220;ADM - JACUÍ - MG;CONGREGAÇÃO CRISTÃ NO BRASIL;1,79E+13;JACUÍ;MG;1;40;12/02/2026 22:37;12/02/2026 22:37
;221;ADM - MONTE SANTO DE MINAS - MG;CONGREGAÇÃO CRISTÃ NO BRASIL;2,09E+13;MONTE SANTO DE MINAS;MG;1;40;12/02/2026 22:37;12/02/2026 22:37
;222;ADM - MUZAMBINHO - MG;CONGREGAÇÃO CRISTÃ NO BRASIL;1,99E+13;MUZAMBINHO;MG;1;40;12/02/2026 22:37;12/02/2026 22:37
;223;ADM - PASSOS - MG;CONGREGAÇÃO CRISTÃ NO BRASIL;2,33E+13;PASSOS;MG;1;40;12/02/2026 22:37;12/02/2026 22:37
;224;ADM - SÃO PEDRO DA UNIÃO - MG;CONGREGAÇÃO CRISTÃ NO BRASIL;1,86E+13;SÃO PEDRO DA UNIÃO;MG;1;40;12/02/2026 22:37;12/02/2026 22:37
;225;ADM - SÃO SEBASTIÃO DO PARAÍSO - MG;CONGREGAÇÃO CRISTÃ NO BRASIL;1,79E+13;SÃO SEBASTIÃO DO PARAÍSO;MG;1;40;12/02/2026 22:37;12/02/2026 22:37
;226;ADM - CACONDE - SP;CONGREGAÇÃO CRISTÃ NO BRASIL;4,59E+13;CACONDE;SP;1;103;12/02/2026 22:37;12/02/2026 22:37
;227;ADM - MOCOCA - SP;CONGREGAÇÃO CRISTÃ NO BRASIL;5,41E+13;MOCOCA;SP;1;99;12/02/2026 22:37;12/02/2026 22:37
;228;ADM - TAPIRATIBA - SP;CONGREGAÇÃO CRISTÃ NO BRASIL;4,48E+13;TAPIRATIBA;SP;1;103;12/02/2026 22:37;12/02/2026 22:37
;229;ADM - CANÁPOLIS - MG;CONGREGAÇÃO CRISTÃ NO BRASIL;1,92E+13;CANÁPOLIS;MG;1;46;12/02/2026 22:37;12/02/2026 22:37
;230;ADM - ITUIUTABA - MG;CONGREGAÇÃO CRISTÃ NO BRASIL;2,13E+13;ITUIUTABA;MG;1;46;12/02/2026 22:37;12/02/2026 22:37
;231;ADM - GRÃO MOGOL - MG;CONGREGAÇÃO CRISTÃ NO BRASIL;4,07E+12;GRÃO MOGOL;MG;1;215;12/02/2026 22:37;12/02/2026 22:37
;232;ADM - JAÍBA - MG;CONGREGAÇÃO CRISTÃ NO BRASIL;1,18E+12;JAÍBA;MG;1;141;12/02/2026 22:37;12/02/2026 22:37
;233;ADM - JANAÚBA - MG;CONGREGAÇÃO CRISTÃ NO BRASIL;2,51E+13;JANAÚBA;MG;1;141;12/02/2026 22:37;12/02/2026 22:37
;234;ADM - MANGA - MG;CONGREGAÇÃO CRISTÃ NO BRASIL;2,61E+12;MANGA;MG;1;189;12/02/2026 22:37;12/02/2026 22:37
;235;ADM - MATIAS CARDOSO - MG;CONGREGAÇÃO CRISTÃ NO BRASIL;1,55E+12;MATIAS CARDOSO;MG;1;189;12/02/2026 22:37;12/02/2026 22:37
;236;ADM - MONTALVÂNIA - MG;CONGREGAÇÃO CRISTÃ NO BRASIL;7,81E+12;MONTALVÂNIA;MG;1;189;12/02/2026 22:37;12/02/2026 22:37
;237;ADM - PORTEIRINHA - MG;CONGREGAÇÃO CRISTÃ NO BRASIL;1,87E+13;PORTEIRINHA;MG;1;141;12/02/2026 22:37;12/02/2026 22:37
;238;ADM - BARBACENA - MG;CONGREGAÇÃO CRISTÃ NO BRASIL;1,96E+13;BARBACENA;MG;1;41;12/02/2026 22:37;12/02/2026 22:37
;239;ADM - JUIZ DE FORA - MG;CONGREGAÇÃO CRISTÃ NO BRASIL;2,16E+13;JUIZ DE FORA;MG;1;41;12/02/2026 22:37;12/02/2026 22:37
;240;ADM - LEOPOLDINA - MG;CONGREGAÇÃO CRISTÃ NO BRASIL;2,22E+13;LEOPOLDINA;MG;1;41;12/02/2026 22:37;12/02/2026 22:37
;241;ADM - MURIAÉ - MG;CONGREGAÇÃO CRISTÃ NO BRASIL;2,51E+12;MURIAÉ;MG;1;41;12/02/2026 22:37;12/02/2026 22:37
;242;ADM - UBÁ - MG;CONGREGAÇÃO CRISTÃ NO BRASIL;2,61E+13;UBÁ;MG;1;41;12/02/2026 22:37;12/02/2026 22:37
;243;ADM - ESPINOSA - MG;CONGREGAÇÃO CRISTÃ NO BRASIL;1,69E+13;ESPINOSA;MG;1;140;12/02/2026 22:37;12/02/2026 22:37
;244;ADM - MATO VERDE - MG;CONGREGAÇÃO CRISTÃ NO BRASIL;2,52E+13;MATO VERDE;MG;1;140;12/02/2026 22:37;12/02/2026 22:37
;245;ADM - MONTE AZUL - MG;CONGREGAÇÃO CRISTÃ NO BRASIL;2,04E+13;MONTE AZUL;MG;1;140;12/02/2026 22:37;12/02/2026 22:37
;246;ADM - MONTE CARMELO - MG;CONGREGAÇÃO CRISTÃ NO BRASIL;1,78E+13;MONTE CARMELO;MG;1;46;12/02/2026 22:37;12/02/2026 22:37
;247;ADM - BOCAIÚVA - MG;CONGREGAÇÃO CRISTÃ NO BRASIL;2,14E+13;BOCAIÚVA;MG;1;43;12/02/2026 22:37;12/02/2026 22:37
;248;ADM - CLARO DOS POÇÕES - MG;CONGREGAÇÃO CRISTÃ NO BRASIL;3,47E+12;CLARO DOS POÇÕES;MG;1;43;12/02/2026 22:37;12/02/2026 22:37
;249;ADM - FRANCISCO SÁ - MG;CONGREGAÇÃO CRISTÃ NO BRASIL;2,14E+13;FRANCISCO SÁ;MG;1;43;12/02/2026 22:37;12/02/2026 22:37
;250;ADM - MONTES CLAROS - MG;CONGREGAÇÃO CRISTÃ NO BRASIL;2,27E+13;MONTES CLAROS;MG;1;43;12/02/2026 22:37;12/02/2026 22:37
;251;ADM - PATOS DE MINAS - MG;CONGREGAÇÃO CRISTÃ NO BRASIL;2,34E+13;PATOS DE MINAS;MG;1;48;12/02/2026 22:37;12/02/2026 22:37
;252;ADM - PATROCÍNIO - MG;CONGREGAÇÃO CRISTÃ NO BRASIL;2,07E+13;PATROCÍNIO;MG;1;48;12/02/2026 22:37;12/02/2026 22:37
;253;ADM - PIRAPORA - MG;CONGREGAÇÃO CRISTÃ NO BRASIL;2,22E+12;PIRAPORA;MG;1;44;12/02/2026 22:37;12/02/2026 22:37
;254;ADM - VÁRZEA DA PALMA - MG;CONGREGAÇÃO CRISTÃ NO BRASIL;1,83E+13;VÁRZEA DA PALMA;MG;1;44;12/02/2026 22:37;12/02/2026 22:37
;255;ADM - ALFENAS - MG;CONGREGAÇÃO CRISTÃ NO BRASIL;1,91E+13;ALFENAS;MG;1;45;12/02/2026 22:37;12/02/2026 22:37
;256;ADM - BOTELHOS - MG;CONGREGAÇÃO CRISTÃ NO BRASIL;2,07E+13;BOTELHOS;MG;1;45;12/02/2026 22:37;12/02/2026 22:37
;257;ADM - CAMPESTRE - MG;CONGREGAÇÃO CRISTÃ NO BRASIL;1,82E+13;CAMPESTRE;MG;1;45;12/02/2026 22:37;12/02/2026 22:37
;258;ADM - ITAJUBÁ - MG;CONGREGAÇÃO CRISTÃ NO BRASIL;1,94E+13;ITAJUBÁ;MG;1;169;12/02/2026 22:37;12/02/2026 22:37
;259;ADM - MACHADO - MG;CONGREGAÇÃO CRISTÃ NO BRASIL;1,93E+13;MACHADO;MG;1;47;12/02/2026 22:37;12/02/2026 22:37
;260;ADM - OURO FINO - MG;CONGREGAÇÃO CRISTÃ NO BRASIL;2,14E+13;OURO FINO;MG;1;169;12/02/2026 22:37;12/02/2026 22:37
;261;ADM - PARAGUAÇU - MG;CONGREGAÇÃO CRISTÃ NO BRASIL;1,90E+13;PARAGUAÇU;MG;1;47;12/02/2026 22:37;12/02/2026 22:37
;262;ADM - POÇO FUNDO - MG;CONGREGAÇÃO CRISTÃ NO BRASIL;1,91E+13;POÇO FUNDO;MG;1;45;12/02/2026 22:37;12/02/2026 22:37
;263;ADM - POÇOS DE CALDAS - MG;CONGREGAÇÃO CRISTÃ NO BRASIL;2,36E+13;POÇOS DE CALDAS;MG;1;45;12/02/2026 22:37;12/02/2026 22:37
;264;ADM - POUSO ALEGRE - MG;CONGREGAÇÃO CRISTÃ NO BRASIL;1,74E+13;POUSO ALEGRE;MG;1;169;12/02/2026 22:37;12/02/2026 22:37
;265;ADM - ÁGUAS DA PRATA - SP;CONGREGAÇÃO CRISTÃ NO BRASIL;4,31E+13;ÁGUAS DA PRATA;SP;1;45;12/02/2026 22:37;12/02/2026 22:37
;266;ADM - ALMENARA - MG;CONGREGAÇÃO CRISTÃ NO BRASIL;1,17E+13;ALMENARA;MG;1;51;12/02/2026 22:37;12/02/2026 22:37
;267;ADM - PEDRA AZUL - MG;CONGREGAÇÃO CRISTÃ NO BRASIL;2,13E+13;PEDRA AZUL;MG;1;215;12/02/2026 22:37;12/02/2026 22:37
;268;ADM - RIO PARDO DE MINAS - MG;CONGREGAÇÃO CRISTÃ NO BRASIL;1,29E+12;RIO PARDO DE MINAS;MG;1;51;12/02/2026 22:37;12/02/2026 22:37
;269;ADM - SALINAS - MG;CONGREGAÇÃO CRISTÃ NO BRASIL;1,91E+13;SALINAS;MG;1;215;12/02/2026 22:37;12/02/2026 22:37
;270;ADM - SÃO JOÃO DO PARAÍSO - MG;CONGREGAÇÃO CRISTÃ NO BRASIL;2,14E+13;SÃO JOÃO DO PARAÍSO;MG;1;51;12/02/2026 22:37;12/02/2026 22:37
;271;ADM - TAIOBEIRAS - MG;CONGREGAÇÃO CRISTÃ NO BRASIL;2,52E+13;TAIOBEIRAS;MG;1;51;12/02/2026 22:37;12/02/2026 22:37
;272;ADM - SACRAMENTO - MG;CONGREGAÇÃO CRISTÃ NO BRASIL;2,01E+13;SACRAMENTO;MG;1;37;12/02/2026 22:37;12/02/2026 22:37
;273;ADM - UBERABA - MG;CONGREGAÇÃO CRISTÃ NO BRASIL;2,55E+13;UBERABA;MG;1;46;12/02/2026 22:37;12/02/2026 22:37
;274;ADM - ARAGUARI - MG;CONGREGAÇÃO CRISTÃ NO BRASIL;1,86E+13;ARAGUARI;MG;1;46;12/02/2026 22:37;12/02/2026 22:37
;275;ADM - NOVA PONTE - MG;CONGREGAÇÃO CRISTÃ NO BRASIL;2,31E+13;NOVA PONTE;MG;1;46;12/02/2026 22:37;12/02/2026 22:37
;276;ADM - PRATA - MG;CONGREGAÇÃO CRISTÃ NO BRASIL;2,40E+13;PRATA;MG;1;46;12/02/2026 22:37;12/02/2026 22:37
;277;ADM - UBERLÂNDIA - MG;CONGREGAÇÃO CRISTÃ NO BRASIL;2,56E+13;UBERLÂNDIA;MG;1;46;12/02/2026 22:37;12/02/2026 22:37
;278;ADM - CAMANDUCAIA - MG;CONGREGAÇÃO CRISTÃ NO BRASIL;1,82E+13;CAMANDUCAIA;MG;1;169;12/02/2026 22:37;12/02/2026 22:37
;279;ADM - CAMPO BELO - MG;CONGREGAÇÃO CRISTÃ NO BRASIL;2,09E+13;CAMPO BELO;MG;1;206;12/02/2026 22:37;12/02/2026 22:37
;280;ADM - CAXAMBU - MG;CONGREGAÇÃO CRISTÃ NO BRASIL;1,96E+13;CAXAMBU;MG;1;193;12/02/2026 22:37;12/02/2026 22:37
;281;ADM - LAVRAS - MG;CONGREGAÇÃO CRISTÃ NO BRASIL;2,21E+13;LAVRAS;MG;1;206;12/02/2026 22:37;12/02/2026 22:37
;282;ADM - SÃO LOURENÇO - MG;CONGREGAÇÃO CRISTÃ NO BRASIL;2,48E+13;SÃO LOURENÇO;MG;1;193;12/02/2026 22:37;12/02/2026 22:37
;283;ADM - TRÊS CORAÇÕES - MG;CONGREGAÇÃO CRISTÃ NO BRASIL;1,80E+13;TRÊS CORAÇÕES;MG;1;47;12/02/2026 22:37;12/02/2026 22:37
;284;ADM - VARGINHA - MG;CONGREGAÇÃO CRISTÃ NO BRASIL;2,59E+13;VARGINHA;MG;1;47;12/02/2026 22:37;12/02/2026 22:37
;285;ADM - ÁGUA CLARA - MS;CONGREGAÇÃO CRISTÃ NO BRASIL;3,72E+13;ÁGUA CLARA;MS;1;35;12/02/2026 22:37;12/02/2026 22:37
;286;ADM - AQUIDAUANA - MS;CONGREGAÇÃO CRISTÃ NO BRASIL;3,04E+12;AQUIDAUANA;MS;1;35;12/02/2026 22:37;12/02/2026 22:37
;287;ADM - CAMPO GRANDE - MS;CONGREGAÇÃO CRISTÃ NO BRASIL;3,27E+12;CAMPO GRANDE;MS;1;35;12/02/2026 22:37;12/02/2026 22:37
;288;ADM - CORUMBÁ - MS;CONGREGAÇÃO CRISTÃ NO BRASIL;3,38E+12;CORUMBÁ;MS;1;35;12/02/2026 22:37;12/02/2026 22:37
;289;ADM - COSTA RICA - MS;CONGREGAÇÃO CRISTÃ NO BRASIL;1,54E+13;COSTA RICA;MS;1;35;12/02/2026 22:37;12/02/2026 22:37
;290;ADM - COXIM - MS;CONGREGAÇÃO CRISTÃ NO BRASIL;3,67E+12;;MS;1;35;12/02/2026 22:37;12/02/2026 22:37
;291;ADM - SONORA - MS;CONGREGAÇÃO CRISTÃ NO BRASIL;8,69E+13;SONORA;MS;1;35;12/02/2026 22:37;12/02/2026 22:37
;292;ADM - AMAMBAÍ - MS;CONGREGAÇÃO CRISTÃ NO BRASIL;3,89E+12;AMAMBAÍ;MS;1;36;12/02/2026 22:37;12/02/2026 22:37
;293;ADM - ANGÉLICA - MS;CONGREGAÇÃO CRISTÃ NO BRASIL;3,82E+12;ANGÉLICA;MS;1;36;12/02/2026 22:37;12/02/2026 22:37
;294;ADM - CAARAPÓ - MS;CONGREGAÇÃO CRISTÃ NO BRASIL;3,36E+12;CAARAPÓ;MS;1;36;12/02/2026 22:37;12/02/2026 22:37
;295;ADM - DOURADOS - MS;CONGREGAÇÃO CRISTÃ NO BRASIL;3,62E+12;DOURADOS;MS;1;36;12/02/2026 22:37;12/02/2026 22:37
;296;ADM - FÁTIMA DO SUL - MS;CONGREGAÇÃO CRISTÃ NO BRASIL;3,75E+12;FÁTIMA DO SUL;MS;1;36;12/02/2026 22:37;12/02/2026 22:37
;297;ADM - GLÓRIA DE DOURADOS - MS;CONGREGAÇÃO CRISTÃ NO BRASIL;3,79E+12;GLÓRIA DE DOURADOS;MS;1;36;12/02/2026 22:37;12/02/2026 22:37
;298;ADM - GUIA LOPES DA LAGUNA - MS;CONGREGAÇÃO CRISTÃ NO BRASIL;1,55E+13;GUIA LOPES DA LAGUNA;MS;1;36;12/02/2026 22:37;12/02/2026 22:37
;299;ADM - ITAPORÃ - MS;CONGREGAÇÃO CRISTÃ NO BRASIL;3,61E+12;ITAPORÃ;MS;1;36;12/02/2026 22:37;12/02/2026 22:37
;300;ADM - IVINHEMA - MS;CONGREGAÇÃO CRISTÃ NO BRASIL;3,82E+12;IVINHEMA;MS;1;36;12/02/2026 22:37;12/02/2026 22:37
;301;ADM - NAVIRAÍ - MS;CONGREGAÇÃO CRISTÃ NO BRASIL;3,57E+12;NAVIRAÍ;MS;1;36;12/02/2026 22:37;12/02/2026 22:37
;302;ADM - NOVA ANDRADINA - MS;CONGREGAÇÃO CRISTÃ NO BRASIL;3,41E+12;NOVA ANDRADINA;MS;1;36;12/02/2026 22:37;12/02/2026 22:37
;303;ADM - PONTA PORÃ - MS;CONGREGAÇÃO CRISTÃ NO BRASIL;3,90E+12;PONTA PORÃ;MS;1;36;12/02/2026 22:37;12/02/2026 22:37
;304;ADM - RIO BRILHANTE - MS;CONGREGAÇÃO CRISTÃ NO BRASIL;3,79E+12;RIO BRILHANTE;MS;1;36;12/02/2026 22:37;12/02/2026 22:37
;305;ADM - SETE QUEDAS - MS;CONGREGAÇÃO CRISTÃ NO BRASIL;3,89E+12;SETE QUEDAS;MS;1;36;12/02/2026 22:37;12/02/2026 22:37
;306;ADM - ALTO BOA VISTA - MT;CONGREGAÇÃO CRISTÃ NO BRASIL;1,64E+13;ALTO BOA VISTA;MT;1;161;12/02/2026 22:37;12/02/2026 22:37
;307;ADM - BARRA DO GARÇAS - MT;CONGREGAÇÃO CRISTÃ NO BRASIL;3,67E+12;BARRA DO GARÇAS;MT;1;161;12/02/2026 22:37;12/02/2026 22:37
;308;ADM - CANARANA - MT;CONGREGAÇÃO CRISTÃ NO BRASIL;9,65E+11;CANARANA;MT;1;161;12/02/2026 22:37;12/02/2026 22:37
;309;ADM - PORTO ALEGRE DO NORTE - MT;CONGREGAÇÃO CRISTÃ NO BRASIL;1,37E+12;PORTO ALEGRE DO NORTE;MT;1;139;12/02/2026 22:37;12/02/2026 22:37
;310;ADM - VILA RICA - MT;CONGREGAÇÃO CRISTÃ NO BRASIL;1,36E+12;VILA RICA;MT;1;161;12/02/2026 22:37;12/02/2026 22:37
;311;ADM - ALTA FLORESTA - MT;CONGREGAÇÃO CRISTÃ NO BRASIL;1,51E+13;ALTA FLORESTA;MT;1;175;12/02/2026 22:37;12/02/2026 22:37
;312;ADM - COLÍDER - MT;CONGREGAÇÃO CRISTÃ NO BRASIL;1,51E+13;COLÍDER;MT;1;175;12/02/2026 22:37;12/02/2026 22:37
;313;ADM - NOVA BANDEIRANTES - MT;CONGREGAÇÃO CRISTÃ NO BRASIL;3,71E+12;NOVA BANDEIRANTES;MT;1;175;12/02/2026 22:37;12/02/2026 22:37
;314;ADM - PEIXOTO DE AZEVEDO - MT;CONGREGAÇÃO CRISTÃ NO BRASIL;4,29E+12;PEIXOTO DE AZEVEDO;MT;1;175;12/02/2026 22:37;12/02/2026 22:37
;315;ADM - SINOP - MT;CONGREGAÇÃO CRISTÃ NO BRASIL;1,50E+13;SINOP;MT;1;204;12/02/2026 22:37;12/02/2026 22:37
;316;ADM - SORRISO - MT;CONGREGAÇÃO CRISTÃ NO BRASIL;8,18E+12;SORRISO;MT;1;204;12/02/2026 22:37;12/02/2026 22:37
;317;ADM - ARAPUTANGA - MT;CONGREGAÇÃO CRISTÃ NO BRASIL;1,54E+13;ARAPUTANGA;MT;1;163;12/02/2026 22:37;12/02/2026 22:37
;318;ADM - ARENÁPOLIS - MT;CONGREGAÇÃO CRISTÃ NO BRASIL;2,50E+13;ARENÁPOLIS;MT;1;185;12/02/2026 22:37;12/02/2026 22:37
;319;ADM - BARRA DO BUGRES - MT;CONGREGAÇÃO CRISTÃ NO BRASIL;3,95E+12;BARRA DO BUGRES;MT;1;185;12/02/2026 22:37;12/02/2026 22:37
;320;ADM - CÁCERES - MT;CONGREGAÇÃO CRISTÃ NO BRASIL;3,55E+12;CÁCERES;MT;1;163;12/02/2026 22:37;12/02/2026 22:37
;321;ADM - COLNIZA - MT;CONGREGAÇÃO CRISTÃ NO BRASIL;1,91E+13;COLNIZA;MT;1;178;12/02/2026 22:37;12/02/2026 22:37
;322;ADM - COMODORO - MT;CONGREGAÇÃO CRISTÃ NO BRASIL;3,71E+12;COMODORO;MT;1;163;12/02/2026 22:37;12/02/2026 22:37
;323;ADM - CUIABÁ - MT;CONGREGAÇÃO CRISTÃ NO BRASIL;3,11E+12;CUIABÁ;MT;1;32;12/02/2026 22:37;12/02/2026 22:37
;324;ADM - JUARA - MT;CONGREGAÇÃO CRISTÃ NO BRASIL;1,38E+12;JUARA;MT;1;178;12/02/2026 22:37;12/02/2026 22:37
;325;ADM - JUÍNA - MT;CONGREGAÇÃO CRISTÃ NO BRASIL;1,25E+12;JUÍNA;MT;1;178;12/02/2026 22:37;12/02/2026 22:37
;326;ADM - MIRASSOL D'OESTE - MT;CONGREGAÇÃO CRISTÃ NO BRASIL;3,55E+12;MIRASSOL D'OESTE;MT;1;163;12/02/2026 22:37;12/02/2026 22:37
;327;ADM - PONTES E LACERDA - MT;CONGREGAÇÃO CRISTÃ NO BRASIL;1,50E+13;PONTES E LACERDA;MT;1;163;12/02/2026 22:37;12/02/2026 22:37
;328;ADM - PRIMAVERA DO LESTE - MT;CONGREGAÇÃO CRISTÃ NO BRASIL;3,55E+12;PRIMAVERA DO LESTE;MT;1;32;12/02/2026 22:37;12/02/2026 22:37
;329;ADM - SÃO JOSÉ DOS QUATRO MARCOS - MT;CONGREGAÇÃO CRISTÃ NO BRASIL;8,09E+11;SÃO JOSÉ DOS QUATRO MARCOS;MT;1;163;12/02/2026 22:37;12/02/2026 22:37
;330;ADM - TANGARÁ DA SERRA - MT;CONGREGAÇÃO CRISTÃ NO BRASIL;3,21E+12;TANGARÁ DA SERRA;MT;1;185;12/02/2026 22:37;12/02/2026 22:37
;331;ADM - ALTO ARAGUAIA - MT;CONGREGAÇÃO CRISTÃ NO BRASIL;3,05E+12;ALTO ARAGUAIA;MT;1;33;12/02/2026 22:37;12/02/2026 22:37
;332;ADM - ALTO GARÇAS - MT;CONGREGAÇÃO CRISTÃ NO BRASIL;3,58E+12;ALTO GARÇAS;MT;1;33;12/02/2026 22:37;12/02/2026 22:37
;333;ADM - CAMPO VERDE - MT;CONGREGAÇÃO CRISTÃ NO BRASIL;1,07E+13;CAMPO VERDE;MT;1;33;12/02/2026 22:37;12/02/2026 22:37
;334;ADM - JACIARA - MT;CONGREGAÇÃO CRISTÃ NO BRASIL;3,08E+12;JACIARA;MT;1;33;12/02/2026 22:37;12/02/2026 22:37
;335;ADM - RONDONÓPOLIS - MT;CONGREGAÇÃO CRISTÃ NO BRASIL;3,85E+12;RONDONÓPOLIS;MT;1;33;12/02/2026 22:37;12/02/2026 22:37
;336;ADM - ALTAMIRA - PA;CONGREGAÇÃO CRISTÃ NO BRASIL;4,82E+12;ALTAMIRA;PA;1;52;12/02/2026 22:37;12/02/2026 22:37
;337;ADM - MEDICILÂNDIA - PA;CONGREGAÇÃO CRISTÃ NO BRASIL;3,19E+12;MEDICILÂNDIA;PA;1;52;12/02/2026 22:37;12/02/2026 22:37
;338;ADM - URUARÁ - PA;CONGREGAÇÃO CRISTÃ NO BRASIL;3,49E+13;URUARÁ;PA;1;52;12/02/2026 22:37;12/02/2026 22:37
;339;ADM - BELÉM - PA;CONGREGAÇÃO CRISTÃ NO BRASIL;3,47E+13;BELÉM;PA;1;53;12/02/2026 22:37;12/02/2026 22:37
;340;ADM - CAPANEMA - PA;CONGREGAÇÃO CRISTÃ NO BRASIL;1,32E+13;CAPANEMA;PA;1;53;12/02/2026 22:37;12/02/2026 22:37
;341;ADM - CASTANHAL - PA;CONGREGAÇÃO CRISTÃ NO BRASIL;1,32E+13;CASTANHAL;PA;1;53;12/02/2026 22:37;12/02/2026 22:37
;342;ADM - PARAGOMINAS - PA;CONGREGAÇÃO CRISTÃ NO BRASIL;1,31E+13;PARAGOMINAS;PA;1;53;12/02/2026 22:37;12/02/2026 22:37
;343;ADM - JACUNDÁ - PA;CONGREGAÇÃO CRISTÃ NO BRASIL;2,93E+12;JACUNDÁ;PA;1;56;12/02/2026 22:37;12/02/2026 22:37
;344;ADM - MARABÁ - PA;CONGREGAÇÃO CRISTÃ NO BRASIL;5,32E+12;MARABÁ;PA;1;56;12/02/2026 22:37;12/02/2026 22:37
;345;ADM - PARAUAPEBAS - PA;CONGREGAÇÃO CRISTÃ NO BRASIL;8,32E+13;PARAUAPEBAS;PA;1;56;12/02/2026 22:37;12/02/2026 22:37
;346;ADM - RONDON DO PARÁ - PA;CONGREGAÇÃO CRISTÃ NO BRASIL;;RONDON DO PARÁ;PA;1;56;12/02/2026 22:37;12/02/2026 22:37
;347;ADM - TUCURUÍ - PA;CONGREGAÇÃO CRISTÃ NO BRASIL;5,85E+12;TUCURUÍ;PA;1;56;12/02/2026 22:37;12/02/2026 22:37
;348;ADM - CONCEIÇÃO DO ARAGUAIA - PA;CONGREGAÇÃO CRISTÃ NO BRASIL;4,85E+12;CONCEIÇÃO DO ARAGUAIA;PA;1;54;12/02/2026 22:37;12/02/2026 22:37
;349;ADM - FLORESTA DO ARAGUAIA - PA;CONGREGAÇÃO CRISTÃ NO BRASIL;7,51E+12;FLORESTA DO ARAGUAIA;PA;1;54;12/02/2026 22:37;12/02/2026 22:37
;350;ADM - OURILÂNDIA DO NORTE - PA;CONGREGAÇÃO CRISTÃ NO BRASIL;2,94E+12;OURILÂNDIA DO NORTE;PA;1;54;12/02/2026 22:37;12/02/2026 22:37
;351;ADM - REDENÇÃO - PA;CONGREGAÇÃO CRISTÃ NO BRASIL;4,85E+12;REDENÇÃO;PA;1;54;12/02/2026 22:37;12/02/2026 22:37
;352;ADM - RIO MARIA - PA;CONGREGAÇÃO CRISTÃ NO BRASIL;4,14E+12;RIO MARIA;PA;1;54;12/02/2026 22:37;12/02/2026 22:37
;353;ADM - SANTANA DO ARAGUAIA - PA;CONGREGAÇÃO CRISTÃ NO BRASIL;7,46E+12;SANTANA DO ARAGUAIA;PA;1;54;12/02/2026 22:37;12/02/2026 22:37
;354;ADM - SÃO FÉLIX DO XINGU - PA;CONGREGAÇÃO CRISTÃ NO BRASIL;3,19E+12;SÃO FÉLIX DO XINGU;PA;1;54;12/02/2026 22:37;12/02/2026 22:37
;355;ADM - XINGUARA - PA;CONGREGAÇÃO CRISTÃ NO BRASIL;4,85E+12;XINGUARA;PA;1;54;12/02/2026 22:37;12/02/2026 22:37
;356;ADM - ITAITUBA - PA;CONGREGAÇÃO CRISTÃ NO BRASIL;4,54E+12;ITAITUBA;PA;1;173;12/02/2026 22:37;12/02/2026 22:37
;357;ADM - NOVO PROGRESSO - PA;CONGREGAÇÃO CRISTÃ NO BRASIL;8,19E+12;NOVO PROGRESSO;PA;1;173;12/02/2026 22:37;12/02/2026 22:37
;358;ADM - RURÓPOLIS - PA;CONGREGAÇÃO CRISTÃ NO BRASIL;1,63E+12;RURÓPOLIS;PA;1;55;12/02/2026 22:37;12/02/2026 22:37
;359;ADM - SANTARÉM - PA;CONGREGAÇÃO CRISTÃ NO BRASIL;4,54E+12;SANTARÉM;PA;1;55;12/02/2026 22:37;12/02/2026 22:37
;360;ADM - AREIA - PB;CONGREGAÇÃO CRISTÃ NO BRASIL;1,94E+13;AREIA;PB;1;57;12/02/2026 22:37;12/02/2026 22:37
;361;ADM - CAJAZEIRAS - PB;CONGREGAÇÃO CRISTÃ NO BRASIL;1,27E+13;CAJAZEIRAS;PB;1;57;12/02/2026 22:37;12/02/2026 22:37
;362;ADM - CAMPINA GRANDE - PB;CONGREGAÇÃO CRISTÃ NO BRASIL;8,70E+12;CAMPINA GRANDE;PB;1;57;12/02/2026 22:37;12/02/2026 22:37
;363;ADM - ITAPORANGA - PB;CONGREGAÇÃO CRISTÃ NO BRASIL;1,91E+13;ITAPORANGA;PB;1;57;12/02/2026 22:37;12/02/2026 22:37
;364;ADM - JOÃO PESSOA - PB;CONGREGAÇÃO CRISTÃ NO BRASIL;9,19E+12;JOÃO PESSOA;PB;1;57;12/02/2026 22:37;12/02/2026 22:37
;365;ADM - PATOS - PB;CONGREGAÇÃO CRISTÃ NO BRASIL;1,17E+13;PATOS;PB;1;57;12/02/2026 22:37;12/02/2026 22:37
;366;ADM - AGRESTINA - PE;CONGREGAÇÃO CRISTÃ NO BRASIL;1,48E+13;AGRESTINA;PE;1;159;12/02/2026 22:37;12/02/2026 22:37
;367;ADM - ARCOVERDE - PE;CONGREGAÇÃO CRISTÃ NO BRASIL;1,15E+13;ARCOVERDE;PE;1;67;12/02/2026 22:37;12/02/2026 22:37
;368;ADM - BELO JARDIM - PE;CONGREGAÇÃO CRISTÃ NO BRASIL;1,15E+13;BELO JARDIM;PE;1;159;12/02/2026 22:37;12/02/2026 22:37
;369;ADM - CARUARU - PE;CONGREGAÇÃO CRISTÃ NO BRASIL;1,13E+13;CARUARU;PE;1;159;12/02/2026 22:37;12/02/2026 22:37
;370;ADM - GARANHUNS - PE;CONGREGAÇÃO CRISTÃ NO BRASIL;1,03E+13;GARANHUNS;PE;1;67;12/02/2026 22:37;12/02/2026 22:37
;371;ADM - LAJEDO - PE;CONGREGAÇÃO CRISTÃ NO BRASIL;2,31E+12;LAJEDO;PE;1;67;12/02/2026 22:37;12/02/2026 22:37
;372;ADM - SANTA CRUZ DO CAPIBARIBE - PE;CONGREGAÇÃO CRISTÃ NO BRASIL;3,57E+13;SANTA CRUZ DO CAPIBARIBE;PE;1;159;12/02/2026 22:37;12/02/2026 22:37
;373;ADM - TUPANATINGA - PE;CONGREGAÇÃO CRISTÃ NO BRASIL;3,02E+12;TUPANATINGA;PE;1;67;12/02/2026 22:37;12/02/2026 22:37
;374;ADM - ARARIPINA - PE;CONGREGAÇÃO CRISTÃ NO BRASIL;1,11E+13;ARARIPINA;PE;1;180;12/02/2026 22:37;12/02/2026 22:37
;375;ADM - OURICURI - PE;CONGREGAÇÃO CRISTÃ NO BRASIL;5,02E+12;OURICURI;PE;1;180;12/02/2026 22:37;12/02/2026 22:37
;376;ADM - PETROLINA - PE;CONGREGAÇÃO CRISTÃ NO BRASIL;1,12E+13;PETROLINA;PE;1;143;12/02/2026 22:37;12/02/2026 22:37
;377;ADM - SANTA MARIA DA BOA VISTA - PE;CONGREGAÇÃO CRISTÃ NO BRASIL;2,81E+12;SANTA MARIA DA BOA VISTA;PE;1;143;12/02/2026 22:37;12/02/2026 22:37
;378;ADM - TRINDADE - PE;CONGREGAÇÃO CRISTÃ NO BRASIL;;TRINDADE;PE;1;180;12/02/2026 22:37;12/02/2026 22:37
;379;ADM - CABO DE SANTO AGOSTINHO - PE;CONGREGAÇÃO CRISTÃ NO BRASIL;2,36E+12;CABO DE SANTO AGOSTINHO;PE;1;68;12/02/2026 22:37;12/02/2026 22:37
;380;ADM - CAMARAGIBE - PE;CONGREGAÇÃO CRISTÃ NO BRASIL;5,46E+12;CAMARAGIBE;PE;1;68;12/02/2026 22:37;12/02/2026 22:37
;381;ADM - JABOATÃO DOS GUARARAPES - PE;CONGREGAÇÃO CRISTÃ NO BRASIL;2,62E+12;JABOATÃO DOS GUARARAPES;PE;1;68;12/02/2026 22:37;12/02/2026 22:37
;382;ADM - OLINDA - PE;CONGREGAÇÃO CRISTÃ NO BRASIL;4,12E+13;OLINDA;PE;1;68;12/02/2026 22:37;12/02/2026 22:37
;383;ADM - PALMARES - PE;CONGREGAÇÃO CRISTÃ NO BRASIL;1,29E+13;PALMARES;PE;1;68;12/02/2026 22:37;12/02/2026 22:37
;384;ADM - RECIFE - PE;CONGREGAÇÃO CRISTÃ NO BRASIL;1,10E+13;RECIFE;PE;1;68;12/02/2026 22:37;12/02/2026 22:37
;385;ADM - VITÓRIA DE SANTO ANTÃO - PE;CONGREGAÇÃO CRISTÃ NO BRASIL;1,09E+13;VITÓRIA DE SANTO ANTÃO;PE;1;68;12/02/2026 22:37;12/02/2026 22:37
;386;ADM - AFOGADOS DA INGAZEIRA - PE;CONGREGAÇÃO CRISTÃ NO BRASIL;1,36E+12;AFOGADOS DA INGAZEIRA;PE;1;69;12/02/2026 22:37;12/02/2026 22:37
;387;ADM - PETROLÂNDIA - PE;CONGREGAÇÃO CRISTÃ NO BRASIL;3,43E+12;PETROLÂNDIA;PE;1;69;12/02/2026 22:37;12/02/2026 22:37
;388;ADM - SALGUEIRO - PE;CONGREGAÇÃO CRISTÃ NO BRASIL;2,93E+12;SALGUEIRO;PE;1;69;12/02/2026 22:37;12/02/2026 22:37
;389;ADM - SÃO JOSÉ DO BELMONTE - PE;CONGREGAÇÃO CRISTÃ NO BRASIL;1,03E+13;SÃO JOSÉ DO BELMONTE;PE;1;69;12/02/2026 22:37;12/02/2026 22:37
;390;ADM - SERRA TALHADA - PE;CONGREGAÇÃO CRISTÃ NO BRASIL;3,54E+13;SERRA TALHADA;PE;1;69;12/02/2026 22:37;12/02/2026 22:37
;391;ADM - AVELINO LOPES - PI;CONGREGAÇÃO CRISTÃ NO BRASIL;6,67E+11;AVELINO LOPES;PI;1;71;12/02/2026 22:37;12/02/2026 22:37
;392;ADM - CARACOL - PI;CONGREGAÇÃO CRISTÃ NO BRASIL;5,21E+11;CARACOL;PI;1;71;12/02/2026 22:37;12/02/2026 22:37
;393;ADM - CRISTINO CASTRO - PI;CONGREGAÇÃO CRISTÃ NO BRASIL;7,39E+12;CRISTINO CASTRO;PI;1;71;12/02/2026 22:37;12/02/2026 22:37
;394;ADM - SÃO JOÃO DO PIAUÍ - PI;CONGREGAÇÃO CRISTÃ NO BRASIL;2,36E+13;SÃO JOÃO DO PIAUÍ;PI;1;71;12/02/2026 22:37;12/02/2026 22:37
;395;ADM - SÃO RAIMUNDO NONATO - PI;CONGREGAÇÃO CRISTÃ NO BRASIL;7,39E+12;SÃO RAIMUNDO NONATO;PI;1;71;12/02/2026 22:37;12/02/2026 22:37
;396;ADM - FLORIANO - PI;CONGREGAÇÃO CRISTÃ NO BRASIL;8,67E+13;FLORIANO;PI;1;72;12/02/2026 22:37;12/02/2026 22:37
;397;ADM - PICOS - PI;CONGREGAÇÃO CRISTÃ NO BRASIL;3,78E+12;PICOS;PI;1;162;12/02/2026 22:37;12/02/2026 22:37
;398;ADM - TERESINA - PI;CONGREGAÇÃO CRISTÃ NO BRASIL;6,65E+12;TERESINA;PI;1;72;12/02/2026 22:37;12/02/2026 22:37
;399;ADM - APUCARANA - PR;CONGREGAÇÃO CRISTÃ NO BRASIL;7,53E+13;APUCARANA;PR;1;58;12/02/2026 22:37;12/02/2026 22:37
;400;ADM - ARAPONGAS - PR;CONGREGAÇÃO CRISTÃ NO BRASIL;7,54E+13;ARAPONGAS;PR;1;58;12/02/2026 22:37;12/02/2026 22:37
;401;ADM - ASTORGA - PR;CONGREGAÇÃO CRISTÃ NO BRASIL;7,56E+13;ASTORGA;PR;1;58;12/02/2026 22:37;12/02/2026 22:37
;402;ADM - FAXINAL - PR;CONGREGAÇÃO CRISTÃ NO BRASIL;7,77E+13;FAXINAL;PR;1;62;12/02/2026 22:37;12/02/2026 22:37
;403;ADM - GRANDES RIOS - PR;CONGREGAÇÃO CRISTÃ NO BRASIL;7,61E+13;GRANDES RIOS;PR;1;58;12/02/2026 22:37;12/02/2026 22:37
;404;ADM - JANDAIA DO SUL - PR;CONGREGAÇÃO CRISTÃ NO BRASIL;3,03E+12;JANDAIA DO SUL;PR;1;58;12/02/2026 22:37;12/02/2026 22:37
;405;ADM - MANDAGUARI - PR;CONGREGAÇÃO CRISTÃ NO BRASIL;7,90E+13;MANDAGUARI;PR;1;58;12/02/2026 22:37;12/02/2026 22:37
;406;ADM - MARUMBI - PR;CONGREGAÇÃO CRISTÃ NO BRASIL;7,84E+13;MARUMBI;PR;1;58;12/02/2026 22:37;12/02/2026 22:37
;407;ADM - ORTIGUEIRA - PR;CONGREGAÇÃO CRISTÃ NO BRASIL;7,95E+13;ORTIGUEIRA;PR;1;58;12/02/2026 22:37;12/02/2026 22:37
;408;ADM - CAMPINA DA LAGOA - PR;CONGREGAÇÃO CRISTÃ NO BRASIL;7,59E+13;CAMPINA DA LAGOA;PR;1;59;12/02/2026 22:37;12/02/2026 22:37
;409;ADM - CAMPO MOURÃO - PR;CONGREGAÇÃO CRISTÃ NO BRASIL;7,59E+13;CAMPO MOURÃO;PR;1;59;12/02/2026 22:37;12/02/2026 22:37
;410;ADM - CIANORTE - PR;CONGREGAÇÃO CRISTÃ NO BRASIL;7,58E+13;CIANORTE;PR;1;59;12/02/2026 22:37;12/02/2026 22:37
;411;ADM - GOIOERÊ - PR;CONGREGAÇÃO CRISTÃ NO BRASIL;8,07E+13;GOIOERÊ;PR;1;59;12/02/2026 22:37;12/02/2026 22:37
;412;ADM - IRETAMA - PR;CONGREGAÇÃO CRISTÃ NO BRASIL;7,75E+13;IRETAMA;PR;1;59;12/02/2026 22:37;12/02/2026 22:37
;413;ADM - IVAIPORÃ - PR;CONGREGAÇÃO CRISTÃ NO BRASIL;8,19E+13;IVAIPORÃ;PR;1;59;12/02/2026 22:37;12/02/2026 22:37
;414;ADM - PITANGA - PR;CONGREGAÇÃO CRISTÃ NO BRASIL;7,81E+13;PITANGA;PR;1;59;12/02/2026 22:37;12/02/2026 22:37
;415;ADM - SÃO JOÃO DO IVAÍ - PR;CONGREGAÇÃO CRISTÃ NO BRASIL;7,81E+13;SÃO JOÃO DO IVAÍ;PR;1;58;12/02/2026 22:37;12/02/2026 22:37
;416;ADM - UBIRATÃ - PR;CONGREGAÇÃO CRISTÃ NO BRASIL;7,74E+13;UBIRATÃ;PR;1;59;12/02/2026 22:37;12/02/2026 22:37
;417;ADM - ASSIS CHATEAUBRIAND - PR;CONGREGAÇÃO CRISTÃ NO BRASIL;7,69E+13;ASSIS CHATEAUBRIAND;PR;1;142;12/02/2026 22:37;12/02/2026 22:37
;418;ADM - CASCAVEL - PR;CONGREGAÇÃO CRISTÃ NO BRASIL;7,61E+13;CASCAVEL;PR;1;142;12/02/2026 22:37;12/02/2026 22:37
;419;ADM - FORMOSA DO OESTE - PR;CONGREGAÇÃO CRISTÃ NO BRASIL;7,73E+13;FORMOSA DO OESTE;PR;1;142;12/02/2026 22:37;12/02/2026 22:37
;420;ADM - FOZ DO IGUAÇU - PR;CONGREGAÇÃO CRISTÃ NO BRASIL;7,78E+13;FOZ DO IGUAÇU;PR;1;142;12/02/2026 22:37;12/02/2026 22:37
;421;ADM - FRANCISCO BELTRÃO - PR;CONGREGAÇÃO CRISTÃ NO BRASIL;7,87E+13;FRANCISCO BELTRÃO;PR;1;142;12/02/2026 22:37;12/02/2026 22:37
;422;ADM - GUARANIAÇU - PR;CONGREGAÇÃO CRISTÃ NO BRASIL;8,09E+13;GUARANIAÇU;PR;1;142;12/02/2026 22:37;12/02/2026 22:37
;423;ADM - MEDIANEIRA - PR;CONGREGAÇÃO CRISTÃ NO BRASIL;7,63E+13;MEDIANEIRA;PR;1;142;12/02/2026 22:37;12/02/2026 22:37
;424;ADM - PATO BRANCO - PR;CONGREGAÇÃO CRISTÃ NO BRASIL;7,77E+13;PATO BRANCO;PR;1;142;12/02/2026 22:37;12/02/2026 22:37
;425;ADM - SANTO ANTONIO DO SUDOESTE - PR;CONGREGAÇÃO CRISTÃ NO BRASIL;7,71E+13;SANTO ANTONIO DO SUDOESTE;PR;1;142;12/02/2026 22:37;12/02/2026 22:37
;426;ADM - TOLEDO - PR;CONGREGAÇÃO CRISTÃ NO BRASIL;7,81E+13;TOLEDO;PR;1;142;12/02/2026 22:37;12/02/2026 22:37
;427;ADM - VERA CRUZ DO OESTE - PR;CONGREGAÇÃO CRISTÃ NO BRASIL;8,09E+13;VERA CRUZ DO OESTE;PR;1;142;12/02/2026 22:37;12/02/2026 22:37
;428;ADM - ADRIANÓPOLIS - PR;CONGREGAÇÃO CRISTÃ NO BRASIL;9,75E+11;ADRIANÓPOLIS;PR;1;61;12/02/2026 22:37;12/02/2026 22:37
;429;ADM - ALMIRANTE TAMANDARÉ - PR;CONGREGAÇÃO CRISTÃ NO BRASIL;1,75E+13;ALMIRANTE TAMANDARÉ;PR;1;61;12/02/2026 22:37;12/02/2026 22:37
;430;ADM - ARAUCÁRIA - PR;CONGREGAÇÃO CRISTÃ NO BRASIL;7,85E+13;ARAUCÁRIA;PR;1;61;12/02/2026 22:37;12/02/2026 22:37
;431;ADM - CAMPO LARGO - PR;CONGREGAÇÃO CRISTÃ NO BRASIL;7,60E+13;CAMPO LARGO;PR;1;61;12/02/2026 22:37;12/02/2026 22:37
;432;ADM - CERRO AZUL - PR;CONGREGAÇÃO CRISTÃ NO BRASIL;7,62E+13;CERRO AZUL;PR;1;61;12/02/2026 22:37;12/02/2026 22:37
;433;ADM - COLOMBO - PR;CONGREGAÇÃO CRISTÃ NO BRASIL;1,77E+13;COLOMBO;PR;1;61;12/02/2026 22:37;12/02/2026 22:37
;434;ADM - CURITIBA - PR;CONGREGAÇÃO CRISTÃ NO BRASIL;7,67E+13;CURITIBA;PR;1;61;12/02/2026 22:37;12/02/2026 22:37
;435;ADM - FAZENDA RIO GRANDE - PR;CONGREGAÇÃO CRISTÃ NO BRASIL;1,75E+13;FAZENDA RIO GRANDE;PR;1;61;12/02/2026 22:37;12/02/2026 22:37
;436;ADM - GUARATUBA - PR;CONGREGAÇÃO CRISTÃ NO BRASIL;7,80E+13;GUARATUBA;PR;1;61;12/02/2026 22:37;12/02/2026 22:37
;437;ADM - PARANAGUÁ - PR;CONGREGAÇÃO CRISTÃ NO BRASIL;7,96E+13;PARANAGUÁ;PR;1;61;12/02/2026 22:37;12/02/2026 22:37
;438;ADM - PINHAIS - PR;CONGREGAÇÃO CRISTÃ NO BRASIL;;PINHAIS;PR;1;61;12/02/2026 22:37;12/02/2026 22:37
;439;ADM - RIO BRANCO DO SUL - PR;CONGREGAÇÃO CRISTÃ NO BRASIL;7,60E+13;RIO BRANCO DO SUL;PR;1;61;12/02/2026 22:37;12/02/2026 22:37
;440;ADM - SÃO JOSÉ DOS PINHAIS - PR;CONGREGAÇÃO CRISTÃ NO BRASIL;7,68E+13;SÃO JOSÉ DOS PINHAIS;PR;1;61;12/02/2026 22:37;12/02/2026 22:37
;441;ADM - ASSAÍ - PR;CONGREGAÇÃO CRISTÃ NO BRASIL;7,56E+13;ASSAÍ;PR;1;62;12/02/2026 22:37;12/02/2026 22:37
;442;ADM - CENTENÁRIO DO SUL - PR;CONGREGAÇÃO CRISTÃ NO BRASIL;7,22E+13;CENTENÁRIO DO SUL;PR;1;62;12/02/2026 22:37;12/02/2026 22:37
;443;ADM - CORNÉLIO PROCÓPIO - PR;CONGREGAÇÃO CRISTÃ NO BRASIL;7,63E+13;CORNÉLIO PROCÓPIO;PR;1;62;12/02/2026 22:37;12/02/2026 22:37
;444;ADM - LONDRINA - PR;CONGREGAÇÃO CRISTÃ NO BRASIL;7,86E+13;LONDRINA;PR;1;62;12/02/2026 22:37;12/02/2026 22:37
;445;ADM - PORECATU - PR;CONGREGAÇÃO CRISTÃ NO BRASIL;8,05E+13;PORECATU;PR;1;62;12/02/2026 22:37;12/02/2026 22:37
;446;ADM - ROLÂNDIA - PR;CONGREGAÇÃO CRISTÃ NO BRASIL;8,09E+13;ROLÂNDIA;PR;1;62;12/02/2026 22:37;12/02/2026 22:37
;447;ADM - SERTANÓPOLIS - PR;CONGREGAÇÃO CRISTÃ NO BRASIL;8,14E+13;SERTANÓPOLIS;PR;1;62;12/02/2026 22:37;12/02/2026 22:37
;448;ADM - TAMARANA - PR;CONGREGAÇÃO CRISTÃ NO BRASIL;7,86E+13;TAMARANA;PR;1;62;12/02/2026 22:37;12/02/2026 22:37
;449;ADM - COLORADO - PR;CONGREGAÇÃO CRISTÃ NO BRASIL;7,83E+13;COLORADO;PR;1;207;12/02/2026 22:37;12/02/2026 22:37
;450;ADM - JAGUAPITÃ - PR;CONGREGAÇÃO CRISTÃ NO BRASIL;7,83E+13;JAGUAPITÃ;PR;1;63;12/02/2026 22:37;12/02/2026 22:37
;451;ADM - LOANDA - PR;CONGREGAÇÃO CRISTÃ NO BRASIL;8,07E+13;LOANDA;PR;1;207;12/02/2026 22:37;12/02/2026 22:37
;452;ADM - MARINGÁ - PR;CONGREGAÇÃO CRISTÃ NO BRASIL;7,91E+13;MARINGÁ;PR;1;63;12/02/2026 22:37;12/02/2026 22:37
;453;ADM - NOVA ESPERANÇA - PR;CONGREGAÇÃO CRISTÃ NO BRASIL;7,94E+13;NOVA ESPERANÇA;PR;1;207;12/02/2026 22:37;12/02/2026 22:37
;454;ADM - PARANAVAÍ - PR;CONGREGAÇÃO CRISTÃ NO BRASIL;7,97E+13;PARANAVAÍ;PR;1;207;12/02/2026 22:37;12/02/2026 22:37
;455;ADM - CASTRO - PR;CONGREGAÇÃO CRISTÃ NO BRASIL;7,82E+13;CASTRO;PR;1;64;12/02/2026 22:37;12/02/2026 22:37
;456;ADM - GUARAPUAVA - PR;CONGREGAÇÃO CRISTÃ NO BRASIL;7,75E+13;GUARAPUAVA;PR;1;64;12/02/2026 22:37;12/02/2026 22:37
;457;ADM - IRATI - PR;CONGREGAÇÃO CRISTÃ NO BRASIL;8,01E+13;IRATI;PR;1;64;12/02/2026 22:37;12/02/2026 22:37
;458;ADM - PINHÃO - PR;CONGREGAÇÃO CRISTÃ NO BRASIL;3,32E+12;PINHÃO;PR;1;64;12/02/2026 22:37;12/02/2026 22:37
;459;ADM - PONTA GROSSA - PR;CONGREGAÇÃO CRISTÃ NO BRASIL;8,03E+13;PONTA GROSSA;PR;1;64;12/02/2026 22:37;12/02/2026 22:37
;460;ADM - SÃO MATEUS DO SUL - PR;CONGREGAÇÃO CRISTÃ NO BRASIL;7,62E+13;SÃO MATEUS DO SUL;PR;1;64;12/02/2026 22:37;12/02/2026 22:37
;461;ADM - SENGÉS - PR;CONGREGAÇÃO CRISTÃ NO BRASIL;8,16E+13;SENGÉS;PR;1;64;12/02/2026 22:37;12/02/2026 22:37
;462;ADM - TELÊMACO BORBA - PR;CONGREGAÇÃO CRISTÃ NO BRASIL;8,15E+13;TELÊMACO BORBA;PR;1;64;12/02/2026 22:37;12/02/2026 22:37
;463;ADM - UNIÃO DA VITÓRIA - PR;CONGREGAÇÃO CRISTÃ NO BRASIL;7,83E+13;UNIÃO DA VITÓRIA;PR;1;64;12/02/2026 22:37;12/02/2026 22:37
;464;ADM - ABATIÁ - PR;CONGREGAÇÃO CRISTÃ NO BRASIL;7,50E+13;ABATIÁ;PR;1;65;12/02/2026 22:37;12/02/2026 22:37
;465;ADM - BANDEIRANTES - PR;CONGREGAÇÃO CRISTÃ NO BRASIL;7,56E+13;BANDEIRANTES;PR;1;65;12/02/2026 22:37;12/02/2026 22:37
;466;ADM - CARLÓPOLIS - PR;CONGREGAÇÃO CRISTÃ NO BRASIL;7,60E+13;CARLÓPOLIS;PR;1;65;12/02/2026 22:37;12/02/2026 22:37
;467;ADM - CURIÚVA - PR;CONGREGAÇÃO CRISTÃ NO BRASIL;7,77E+13;CURIÚVA;PR;1;65;12/02/2026 22:37;12/02/2026 22:37
;468;ADM - IBAITI - PR;CONGREGAÇÃO CRISTÃ NO BRASIL;7,81E+13;IBAITI;PR;1;65;12/02/2026 22:37;12/02/2026 22:37
;469;ADM - JACAREZINHO - PR;CONGREGAÇÃO CRISTÃ NO BRASIL;7,82E+13;JACAREZINHO;PR;1;65;12/02/2026 22:37;12/02/2026 22:37
;470;ADM - NOVA FÁTIMA - PR;CONGREGAÇÃO CRISTÃ NO BRASIL;7,72E+13;NOVA FÁTIMA;PR;1;65;12/02/2026 22:37;12/02/2026 22:37
;471;ADM - RIBEIRÃO DO PINHAL - PR;CONGREGAÇÃO CRISTÃ NO BRASIL;8,07E+13;RIBEIRÃO DO PINHAL;PR;1;65;12/02/2026 22:37;12/02/2026 22:37
;472;ADM - SANTO ANTÔNIO DA PLATINA - PR;CONGREGAÇÃO CRISTÃ NO BRASIL;8,12E+13;SANTO ANTÔNIO DA PLATINA;PR;1;65;12/02/2026 22:37;12/02/2026 22:37
;473;ADM - SIQUEIRA CAMPOS - PR;CONGREGAÇÃO CRISTÃ NO BRASIL;7,86E+13;SIQUEIRA CAMPOS;PR;1;65;12/02/2026 22:37;12/02/2026 22:37
;474;ADM - WENCESLAU BRAZ - PR;CONGREGAÇÃO CRISTÃ NO BRASIL;7,69E+13;WENCESLAU BRAZ;PR;1;65;12/02/2026 22:37;12/02/2026 22:37
;475;ADM - ITAQUIRAÍ - MS;CONGREGAÇÃO CRISTÃ NO BRASIL;1,34E+13;ITAQUIRAÍ;MS;1;66;12/02/2026 22:37;12/02/2026 22:37
;476;ADM - MUNDO NOVO - MS;CONGREGAÇÃO CRISTÃ NO BRASIL;3,89E+12;MUNDO NOVO;MS;1;66;12/02/2026 22:37;12/02/2026 22:37
;477;ADM - ALTO PIQUIRI - PR;CONGREGAÇÃO CRISTÃ NO BRASIL;8,18E+13;ALTO PIQUIRI;PR;1;66;12/02/2026 22:37;12/02/2026 22:37
;478;ADM - ALTÔNIA - PR;CONGREGAÇÃO CRISTÃ NO BRASIL;8,19E+13;ALTÔNIA;PR;1;66;12/02/2026 22:37;12/02/2026 22:37
;479;ADM - GUAÍRA - PR;CONGREGAÇÃO CRISTÃ NO BRASIL;7,56E+13;GUAÍRA;PR;1;66;12/02/2026 22:37;12/02/2026 22:37
;480;ADM - ICARAÍMA - PR;CONGREGAÇÃO CRISTÃ NO BRASIL;8,19E+13;ICARAÍMA;PR;1;66;12/02/2026 22:37;12/02/2026 22:37
;481;ADM - IPORÃ - PR;CONGREGAÇÃO CRISTÃ NO BRASIL;7,64E+13;IPORÃ;PR;1;66;12/02/2026 22:37;12/02/2026 22:37
;482;ADM - PALOTINA - PR;CONGREGAÇÃO CRISTÃ NO BRASIL;7,78E+13;PALOTINA;PR;1;66;12/02/2026 22:37;12/02/2026 22:37
;483;ADM - PÉROLA - PR;CONGREGAÇÃO CRISTÃ NO BRASIL;7,59E+13;PÉROLA;PR;1;66;12/02/2026 22:37;12/02/2026 22:37
;484;ADM - TERRA ROXA - PR;CONGREGAÇÃO CRISTÃ NO BRASIL;7,59E+13;TERRA ROXA;PR;1;66;12/02/2026 22:37;12/02/2026 22:37
;485;ADM - UMUARAMA - PR;CONGREGAÇÃO CRISTÃ NO BRASIL;8,18E+13;UMUARAMA;PR;1;66;12/02/2026 22:37;12/02/2026 22:37
;486;ADM - CARANGOLA - MG;CONGREGAÇÃO CRISTÃ NO BRASIL;5,20E+12;CARANGOLA;MG;1;181;12/02/2026 22:37;12/02/2026 22:37
;487;ADM - CAMPOS DOS GOYTACAZES - RJ;CONGREGAÇÃO CRISTÃ NO BRASIL;3,04E+13;CAMPOS DOS GOYTACAZES;RJ;1;77;12/02/2026 22:37;12/02/2026 22:37
;488;ADM - ITAOCARA - RJ;CONGREGAÇÃO CRISTÃ NO BRASIL;3,94E+13;ITAOCARA;RJ;1;77;12/02/2026 22:37;12/02/2026 22:37
;489;ADM - ITAPERUNA - RJ;CONGREGAÇÃO CRISTÃ NO BRASIL;2,91E+13;ITAPERUNA;RJ;1;77;12/02/2026 22:37;12/02/2026 22:37
;490;ADM - MACAÉ - RJ;CONGREGAÇÃO CRISTÃ NO BRASIL;8,94E+12;MACAÉ;RJ;1;209;12/02/2026 22:37;12/02/2026 22:37
;491;ADM - RIO DAS OSTRAS - RJ;CONGREGAÇÃO CRISTÃ NO BRASIL;3,04E+13;RIO DAS OSTRAS;RJ;1;77;12/02/2026 22:37;12/02/2026 22:37
;492;ADM - BARRA DO PIRAÍ - RJ;CONGREGAÇÃO CRISTÃ NO BRASIL;2,86E+13;BARRA DO PIRAÍ;RJ;1;76;12/02/2026 22:37;12/02/2026 22:37
;493;ADM - BARRA MANSA - RJ;CONGREGAÇÃO CRISTÃ NO BRASIL;2,87E+13;BARRA MANSA;RJ;1;76;12/02/2026 22:37;12/02/2026 22:37
;494;ADM - RESENDE - RJ;CONGREGAÇÃO CRISTÃ NO BRASIL;1,09E+12;RESENDE;RJ;1;76;12/02/2026 22:37;12/02/2026 22:37
;495;ADM - TRÊS RIOS - RJ;CONGREGAÇÃO CRISTÃ NO BRASIL;3,25E+13;TRÊS RIOS;RJ;1;179;12/02/2026 22:37;12/02/2026 22:37
;496;ADM - VOLTA REDONDA - RJ;CONGREGAÇÃO CRISTÃ NO BRASIL;3,25E+13;VOLTA REDONDA;RJ;1;76;12/02/2026 22:37;12/02/2026 22:37
;497;ADM - ANGRA DOS REIS - RJ;CONGREGAÇÃO CRISTÃ NO BRASIL;3,03E+13;ANGRA DOS REIS;RJ;1;184;12/02/2026 22:37;12/02/2026 22:37
;498;ADM - CABO FRIO - RJ;CONGREGAÇÃO CRISTÃ NO BRASIL;3,70E+12;CABO FRIO;RJ;1;209;12/02/2026 22:37;12/02/2026 22:37
;499;ADM - DUQUE DE CAXIAS - RJ;CONGREGAÇÃO CRISTÃ NO BRASIL;1,04E+11;DUQUE DE CAXIAS;RJ;1;171;12/02/2026 22:37;12/02/2026 22:37
;500;ADM - TANGUÁ - RJ;CONGREGAÇÃO CRISTÃ NO BRASIL;;TANGUÁ;RJ;1;213;12/02/2026 22:37;12/02/2026 22:37
;501;ADM - NOVA FRIBURGO - RJ;CONGREGAÇÃO CRISTÃ NO BRASIL;3,06E+13;NOVA FRIBURGO;RJ;1;179;12/02/2026 22:37;12/02/2026 22:37
;502;ADM - NOVA IGUAÇU - RJ;CONGREGAÇÃO CRISTÃ NO BRASIL;;NOVA IGUAÇU;RJ;1;187;12/02/2026 22:37;12/02/2026 22:37
;503;ADM - PARATY - RJ;CONGREGAÇÃO CRISTÃ NO BRASIL;1,74E+12;PARATY;RJ;1;184;12/02/2026 22:37;12/02/2026 22:37
;504;ADM - RIO DE JANEIRO - RJ;CONGREGAÇÃO CRISTÃ NO BRASIL;3,41E+13;RIO DE JANEIRO;RJ;1;75;12/02/2026 22:37;12/02/2026 22:37
;505;ADM - SÃO GONÇALO - RJ;CONGREGAÇÃO CRISTÃ NO BRASIL;2,99E+13;SÃO GONÇALO;RJ;1;213;12/02/2026 22:37;12/02/2026 22:37
;506;ADM - CURRAIS NOVOS - RN;CONGREGAÇÃO CRISTÃ NO BRASIL;1,81E+13;CURRAIS NOVOS;RN;1;73;12/02/2026 22:37;12/02/2026 22:37
;507;ADM - DOUTOR SEVERIANO - RN;CONGREGAÇÃO CRISTÃ NO BRASIL;1,14E+13;DOUTOR SEVERIANO;RN;1;176;12/02/2026 22:37;12/02/2026 22:37
;508;ADM - MOSSORÓ - RN;CONGREGAÇÃO CRISTÃ NO BRASIL;2,51E+12;MOSSORÓ;RN;1;176;12/02/2026 22:37;12/02/2026 22:37
;509;ADM - NATAL - RN;CONGREGAÇÃO CRISTÃ NO BRASIL;8,23E+12;NATAL;RN;1;73;12/02/2026 22:37;12/02/2026 22:37
;510;ADM - PARNAMIRIM - RN;CONGREGAÇÃO CRISTÃ NO BRASIL;6,27E+12;PARNAMIRIM;RN;1;73;12/02/2026 22:37;12/02/2026 22:37
;511;ADM - ALTO PARAÍSO - RO;CONGREGAÇÃO CRISTÃ NO BRASIL;8,47E+13;ALTO PARAÍSO;RO;1;109;12/02/2026 22:37;12/02/2026 22:37
;512;ADM - ARIQUEMES - RO;CONGREGAÇÃO CRISTÃ NO BRASIL;4,70E+12;ARIQUEMES;RO;1;109;12/02/2026 22:37;12/02/2026 22:37
;513;ADM - BURITIS - RO;CONGREGAÇÃO CRISTÃ NO BRASIL;4,00E+12;BURITIS;RO;1;109;12/02/2026 22:37;12/02/2026 22:37
;514;ADM - MACHADINHO D'OESTE - RO;CONGREGAÇÃO CRISTÃ NO BRASIL;8,87E+12;MACHADINHO D'OESTE;RO;1;109;12/02/2026 22:37;12/02/2026 22:37
;515;ADM - ALVORADA D'OESTE - RO;CONGREGAÇÃO CRISTÃ NO BRASIL;6,36E+13;ALVORADA D'OESTE;RO;1;108;12/02/2026 22:37;12/02/2026 22:37
;516;ADM - JARU - RO;CONGREGAÇÃO CRISTÃ NO BRASIL;5,66E+12;JARU;RO;1;108;12/02/2026 22:37;12/02/2026 22:37
;517;ADM - JI-PARANÁ - RO;CONGREGAÇÃO CRISTÃ NO BRASIL;5,21E+12;JI-PARANÁ;RO;1;108;12/02/2026 22:37;12/02/2026 22:37
;518;ADM - OURO PRETO DO OESTE - RO;CONGREGAÇÃO CRISTÃ NO BRASIL;5,88E+12;OURO PRETO DO OESTE;RO;1;108;12/02/2026 22:37;12/02/2026 22:37
;519;ADM - PRESIDENTE MÉDICI - RO;CONGREGAÇÃO CRISTÃ NO BRASIL;5,71E+12;PRESIDENTE MÉDICI;RO;1;108;12/02/2026 22:37;12/02/2026 22:37
;520;ADM - SÃO FRANCISCO DO GUAPORÉ - RO;CONGREGAÇÃO CRISTÃ NO BRASIL;3,35E+12;SÃO FRANCISCO DO GUAPORÉ;RO;1;108;12/02/2026 22:37;12/02/2026 22:37
;521;ADM - SÃO MIGUEL DO GUAPORÉ - RO;CONGREGAÇÃO CRISTÃ NO BRASIL;1,09E+12;SÃO MIGUEL DO GUAPORÉ;RO;1;108;12/02/2026 22:37;12/02/2026 22:37
;522;ADM - URUPÁ - RO;CONGREGAÇÃO CRISTÃ NO BRASIL;1,06E+12;URUPÁ;RO;1;108;12/02/2026 22:37;12/02/2026 22:37
;523;ADM - ALTA FLORESTA D'OESTE - RO;CONGREGAÇÃO CRISTÃ NO BRASIL;8,47E+13;ALTA FLORESTA D'OESTE;RO;1;111;12/02/2026 22:37;12/02/2026 22:37
;524;ADM - CACOAL - RO;CONGREGAÇÃO CRISTÃ NO BRASIL;4,38E+12;CACOAL;RO;1;111;12/02/2026 22:37;12/02/2026 22:37
;525;ADM - CEREJEIRAS - RO;CONGREGAÇÃO CRISTÃ NO BRASIL;4,39E+12;CEREJEIRAS;RO;1;111;12/02/2026 22:37;12/02/2026 22:37
;526;ADM - COLORADO DO OESTE - RO;CONGREGAÇÃO CRISTÃ NO BRASIL;4,39E+12;COLORADO DO OESTE;RO;1;111;12/02/2026 22:37;12/02/2026 22:37
;527;ADM - NOVA BRASILÂNDIA D'OESTE - RO;CONGREGAÇÃO CRISTÃ NO BRASIL;6,38E+13;NOVA BRASILÂNDIA D'OESTE;RO;1;111;12/02/2026 22:37;12/02/2026 22:37
;528;ADM - NOVO HORIZONTE DO OESTE - RO;CONGREGAÇÃO CRISTÃ NO BRASIL;1,24E+13;NOVO HORIZONTE DO OESTE;RO;1;111;12/02/2026 22:37;12/02/2026 22:37
;529;ADM - PIMENTA BUENO - RO;CONGREGAÇÃO CRISTÃ NO BRASIL;5,67E+12;PIMENTA BUENO;RO;1;111;12/02/2026 22:37;12/02/2026 22:37
;530;ADM - ROLIM DE MOURA - RO;CONGREGAÇÃO CRISTÃ NO BRASIL;4,39E+12;ROLIM DE MOURA;RO;1;111;12/02/2026 22:37;12/02/2026 22:37
;531;ADM - VILHENA - RO;CONGREGAÇÃO CRISTÃ NO BRASIL;4,39E+12;VILHENA;RO;1;111;12/02/2026 22:37;12/02/2026 22:37
;532;ADM - GUAJARÁ-MIRIM - RO;CONGREGAÇÃO CRISTÃ NO BRASIL;4,29E+12;GUAJARÁ-MIRIM;RO;1;110;12/02/2026 22:37;12/02/2026 22:37
;533;ADM - NOVA MAMORÉ - RO;CONGREGAÇÃO CRISTÃ NO BRASIL;3,48E+12;NOVA MAMORÉ;RO;1;110;12/02/2026 22:37;12/02/2026 22:37
;534;ADM - PORTO VELHO - RO;CONGREGAÇÃO CRISTÃ NO BRASIL;5,76E+12;PORTO VELHO;RO;1;110;12/02/2026 22:37;12/02/2026 22:37
;535;ADM - BOA VISTA - RR;CONGREGAÇÃO CRISTÃ NO BRASIL;4,65E+12;BOA VISTA;RR;1;112;12/02/2026 22:37;12/02/2026 22:37
;536;ADM - IRACEMA - RR;CONGREGAÇÃO CRISTÃ NO BRASIL;2,78E+12;IRACEMA;RR;1;112;12/02/2026 22:37;12/02/2026 22:37
;537;ADM - RORAINÓPOLIS - RR;CONGREGAÇÃO CRISTÃ NO BRASIL;5,62E+12;RORAINÓPOLIS;RR;1;112;12/02/2026 22:37;12/02/2026 22:37
;538;ADM - CAXIAS DO SUL - RS;CONGREGAÇÃO CRISTÃ NO BRASIL;8,88E+13;CAXIAS DO SUL;RS;1;188;12/02/2026 22:37;12/02/2026 22:37
;539;ADM - GRAVATAÍ - RS;CONGREGAÇÃO CRISTÃ NO BRASIL;1,33E+13;GRAVATAÍ;RS;1;74;12/02/2026 22:37;12/02/2026 22:37
;540;ADM - IJUÍ - RS;CONGREGAÇÃO CRISTÃ NO BRASIL;9,47E+13;IJUÍ;RS;1;170;12/02/2026 22:37;12/02/2026 22:37
;541;ADM - NOVO HAMBURGO - RS;CONGREGAÇÃO CRISTÃ NO BRASIL;3,07E+12;NOVO HAMBURGO;RS;1;188;12/02/2026 22:37;12/02/2026 22:37
;542;ADM - PASSO FUNDO - RS;CONGREGAÇÃO CRISTÃ NO BRASIL;9,08E+13;PASSO FUNDO;RS;1;183;12/02/2026 22:37;12/02/2026 22:37
;543;ADM - PELOTAS - RS;CONGREGAÇÃO CRISTÃ NO BRASIL;8,41E+11;PELOTAS;RS;1;74;12/02/2026 22:37;12/02/2026 22:37
;544;ADM - PORTO ALEGRE - RS;CONGREGAÇÃO CRISTÃ NO BRASIL;8,89E+13;PORTO ALEGRE;RS;1;74;12/02/2026 22:37;12/02/2026 22:37
;545;ADM - SANTA MARIA - RS;CONGREGAÇÃO CRISTÃ NO BRASIL;9,08E+13;SANTA MARIA;RS;1;170;12/02/2026 22:37;12/02/2026 22:37
;546;ADM - URUGUAIANA - RS;CONGREGAÇÃO CRISTÃ NO BRASIL;3,24E+12;URUGUAIANA;RS;1;170;12/02/2026 22:37;12/02/2026 22:37
;547;ADM - VACARIA - RS;CONGREGAÇÃO CRISTÃ NO BRASIL;1,97E+12;VACARIA;RS;1;183;12/02/2026 22:37;12/02/2026 22:37
;548;ADM - CAÇADOR - SC;CONGREGAÇÃO CRISTÃ NO BRASIL;8,28E+13;CAÇADOR;SC;1;78;12/02/2026 22:37;12/02/2026 22:37
;549;ADM - CAMPOS NOVOS - SC;CONGREGAÇÃO CRISTÃ NO BRASIL;8,69E+13;CAMPOS NOVOS;SC;1;78;12/02/2026 22:37;12/02/2026 22:37
;550;ADM - CHAPECÓ - SC;CONGREGAÇÃO CRISTÃ NO BRASIL;7,54E+13;CHAPECÓ;SC;1;196;12/02/2026 22:37;12/02/2026 22:37
;551;ADM - CURITIBANOS - SC;CONGREGAÇÃO CRISTÃ NO BRASIL;7,85E+13;CURITIBANOS;SC;1;78;12/02/2026 22:37;12/02/2026 22:37
;552;ADM - FRAIBURGO - SC;CONGREGAÇÃO CRISTÃ NO BRASIL;7,85E+13;FRAIBURGO;SC;1;78;12/02/2026 22:37;12/02/2026 22:37
;553;ADM - JOAÇABA - SC;CONGREGAÇÃO CRISTÃ NO BRASIL;7,54E+13;JOAÇABA;SC;1;78;12/02/2026 22:37;12/02/2026 22:37
;554;ADM - LAGES - SC;CONGREGAÇÃO CRISTÃ NO BRASIL;8,28E+13;LAGES;SC;1;78;12/02/2026 22:37;12/02/2026 22:37
;555;ADM - LEBON RÉGIS - SC;CONGREGAÇÃO CRISTÃ NO BRASIL;7,85E+13;LEBON RÉGIS;SC;1;78;12/02/2026 22:37;12/02/2026 22:37
;556;ADM - MARAVILHA - SC;CONGREGAÇÃO CRISTÃ NO BRASIL;8,09E+13;MARAVILHA;SC;1;196;12/02/2026 22:37;12/02/2026 22:37
;557;ADM - MONTE CARLO - SC;CONGREGAÇÃO CRISTÃ NO BRASIL;7,85E+13;MONTE CARLO;SC;1;78;12/02/2026 22:37;12/02/2026 22:37
;558;ADM - VIDEIRA - SC;CONGREGAÇÃO CRISTÃ NO BRASIL;8,66E+13;VIDEIRA;SC;1;78;12/02/2026 22:37;12/02/2026 22:37
;559;ADM - BLUMENAU - SC;CONGREGAÇÃO CRISTÃ NO BRASIL;8,27E+13;BLUMENAU;SC;1;79;12/02/2026 22:37;12/02/2026 22:37
;560;ADM - BRUSQUE - SC;CONGREGAÇÃO CRISTÃ NO BRASIL;8,13E+13;BRUSQUE;SC;1;79;12/02/2026 22:37;12/02/2026 22:37
;561;ADM - CAMBORIÚ - SC;CONGREGAÇÃO CRISTÃ NO BRASIL;7,34E+13;CAMBORIÚ;SC;1;79;12/02/2026 22:37;12/02/2026 22:37
;562;ADM - ITAJAÍ - SC;CONGREGAÇÃO CRISTÃ NO BRASIL;8,32E+13;ITAJAÍ;SC;1;79;12/02/2026 22:37;12/02/2026 22:37
;563;ADM - BALNEÁRIO PIÇARRAS - SC;CONGREGAÇÃO CRISTÃ NO BRASIL;7,21E+13;BALNEÁRIO PIÇARRAS;SC;1;79;12/02/2026 22:37;12/02/2026 22:37
;564;ADM - SÃO JOSÉ - SC;CONGREGAÇÃO CRISTÃ NO BRASIL;8,33E+13;SÃO JOSÉ;SC;1;212;12/02/2026 22:37;12/02/2026 22:37
;565;ADM - TIJUCAS - SC;CONGREGAÇÃO CRISTÃ NO BRASIL;8,27E+13;TIJUCAS;SC;1;212;12/02/2026 22:37;12/02/2026 22:37
;566;ADM - JARAGUÁ DO SUL - SC;CONGREGAÇÃO CRISTÃ NO BRASIL;1,97E+12;JARAGUÁ DO SUL;SC;1;202;12/02/2026 22:37;12/02/2026 22:37
;567;ADM - JOINVILLE - SC;CONGREGAÇÃO CRISTÃ NO BRASIL;8,26E+13;JOINVILLE;SC;1;202;12/02/2026 22:37;12/02/2026 22:37
;568;ADM - RIO NEGRINHO - SC;CONGREGAÇÃO CRISTÃ NO BRASIL;9,60E+13;RIO NEGRINHO;SC;1;202;12/02/2026 22:37;12/02/2026 22:37
;569;ADM - CRICIÚMA - SC;CONGREGAÇÃO CRISTÃ NO BRASIL;7,56E+13;CRICIÚMA;SC;1;150;12/02/2026 22:37;12/02/2026 22:37
;570;ADM - IMBITUBA - SC;CONGREGAÇÃO CRISTÃ NO BRASIL;8,38E+13;IMBITUBA;SC;1;150;12/02/2026 22:37;12/02/2026 22:37
;571;ADM - LAGUNA - SC;CONGREGAÇÃO CRISTÃ NO BRASIL;7,95E+13;LAGUNA;SC;1;150;12/02/2026 22:37;12/02/2026 22:37
;572;ADM - TUBARÃO - SC;CONGREGAÇÃO CRISTÃ NO BRASIL;8,26E+13;TUBARÃO;SC;1;150;12/02/2026 22:37;12/02/2026 22:37
;573;ADM - ARACAJU - SE;CONGREGAÇÃO CRISTÃ NO BRASIL;1,30E+13;ARACAJU;SE;1;105;12/02/2026 22:37;12/02/2026 22:37
;574;ADM - CRISTINÁPOLIS - SE;CONGREGAÇÃO CRISTÃ NO BRASIL;1,30E+13;CRISTINÁPOLIS;SE;1;105;12/02/2026 22:37;12/02/2026 22:37
;575;ADM - ESTÂNCIA - SE;CONGREGAÇÃO CRISTÃ NO BRASIL;1,31E+13;ESTÂNCIA;SE;1;105;12/02/2026 22:37;12/02/2026 22:37
;576;ADM - ITABAIANA - SE;CONGREGAÇÃO CRISTÃ NO BRASIL;1,03E+13;ITABAIANA;SE;1;105;12/02/2026 22:37;12/02/2026 22:37
;577;ADM - NOSSA SENHORA DAS DORES - SE;CONGREGAÇÃO CRISTÃ NO BRASIL;1,04E+13;NOSSA SENHORA DAS DORES;SE;1;105;12/02/2026 22:37;12/02/2026 22:37
;578;ADM - AMPARO - SP;CONGREGAÇÃO CRISTÃ NO BRASIL;4,35E+13;AMPARO;SP;1;155;12/02/2026 22:37;12/02/2026 22:37
;579;ADM - JAGUARIÚNA - SP;CONGREGAÇÃO CRISTÃ NO BRASIL;5,01E+13;JAGUARIÚNA;SP;1;155;12/02/2026 22:37;12/02/2026 22:37
;580;ADM - PEDREIRA - SP;CONGREGAÇÃO CRISTÃ NO BRASIL;4,70E+13;PEDREIRA;SP;1;155;12/02/2026 22:37;12/02/2026 22:37
;581;ADM - SANTO ANTÔNIO DE POSSE - SP;CONGREGAÇÃO CRISTÃ NO BRASIL;9,58E+11;SANTO ANTÔNIO DE POSSE;SP;1;155;12/02/2026 22:37;12/02/2026 22:37
;582;ADM - SOCORRO - SP;CONGREGAÇÃO CRISTÃ NO BRASIL;5,01E+13;SOCORRO;SP;1;155;12/02/2026 22:37;12/02/2026 22:37
;583;ADM - TRÊS LAGOAS - MS;CONGREGAÇÃO CRISTÃ NO BRASIL;3,88E+12;TRÊS LAGOAS;MS;1;156;12/02/2026 22:37;12/02/2026 22:37
;584;ADM - ANDRADINA - SP;CONGREGAÇÃO CRISTÃ NO BRASIL;4,35E+13;ANDRADINA;SP;1;156;12/02/2026 22:37;12/02/2026 22:37
;585;ADM - ARAÇATUBA - SP;CONGREGAÇÃO CRISTÃ NO BRASIL;4,38E+13;ARAÇATUBA;SP;1;156;12/02/2026 22:37;12/02/2026 22:37
;586;ADM - BIRIGUI - SP;CONGREGAÇÃO CRISTÃ NO BRASIL;4,54E+13;BIRIGUI;SP;1;156;12/02/2026 22:37;12/02/2026 22:37
;587;ADM - CAFELÂNDIA - SP;CONGREGAÇÃO CRISTÃ NO BRASIL;5,15E+13;CAFELÂNDIA;SP;1;156;12/02/2026 22:37;12/02/2026 22:37
;588;ADM - GUAIÇARA - SP;CONGREGAÇÃO CRISTÃ NO BRASIL;5,73E+13;GUAIÇARA;SP;1;156;12/02/2026 22:37;12/02/2026 22:37
;589;ADM - GUARARAPES - SP;CONGREGAÇÃO CRISTÃ NO BRASIL;4,85E+13;GUARARAPES;SP;1;156;12/02/2026 22:37;12/02/2026 22:37
;590;ADM - ILHA SOLTEIRA - SP;CONGREGAÇÃO CRISTÃ NO BRASIL;5,98E+13;ILHA SOLTEIRA;SP;1;156;12/02/2026 22:37;12/02/2026 22:37
;591;ADM - LAVÍNIA - SP;CONGREGAÇÃO CRISTÃ NO BRASIL;5,24E+13;LAVÍNIA;SP;1;156;12/02/2026 22:37;12/02/2026 22:37
;592;ADM - LINS - SP;CONGREGAÇÃO CRISTÃ NO BRASIL;5,17E+13;LINS;SP;1;156;12/02/2026 22:37;12/02/2026 22:37
;593;ADM - LUIZIANIA - SP;CONGREGAÇÃO CRISTÃ NO BRASIL;4,83E+13;LUIZIÂNIA;SP;1;156;12/02/2026 22:37;12/02/2026 22:37
;594;ADM - MIRANDÓPOLIS - SP;CONGREGAÇÃO CRISTÃ NO BRASIL;5,24E+13;MIRANDÓPOLIS;SP;1;156;12/02/2026 22:37;12/02/2026 22:37
;595;ADM - PENÁPOLIS - SP;CONGREGAÇÃO CRISTÃ NO BRASIL;5,39E+13;PENÁPOLIS;SP;1;156;12/02/2026 22:37;12/02/2026 22:37
;596;ADM - PEREIRA BARRETO - SP;CONGREGAÇÃO CRISTÃ NO BRASIL;5,40E+13;PEREIRA BARRETO;SP;1;156;12/02/2026 22:37;12/02/2026 22:37
;597;ADM - PIRAJUÍ - SP;CONGREGAÇÃO CRISTÃ NO BRASIL;5,47E+13;PIRAJUÍ;SP;1;156;12/02/2026 22:37;12/02/2026 22:37
;598;ADM - PROMISSÃO - SP;CONGREGAÇÃO CRISTÃ NO BRASIL;4,46E+13;PROMISSÃO;SP;1;156;12/02/2026 22:37;12/02/2026 22:37
;599;ADM - VALPARAÍSO - SP;CONGREGAÇÃO CRISTÃ NO BRASIL;7,28E+13;VALPARAÍSO;SP;1;156;12/02/2026 22:37;12/02/2026 22:37
;600;ADM - CONCEIÇÃO DAS ALAGOAS - MG;CONGREGAÇÃO CRISTÃ NO BRASIL;1,96E+13;CONCEIÇÃO DAS ALAGOAS;MG;1;157;12/02/2026 22:37;12/02/2026 22:37
;601;ADM - PLANURA - MG;CONGREGAÇÃO CRISTÃ NO BRASIL;1,86E+13;PLANURA;MG;1;157;12/02/2026 22:37;12/02/2026 22:37
;602;ADM - AMÉRICO BRASILIENSE - SP;CONGREGAÇÃO CRISTÃ NO BRASIL;4,53E+13;AMÉRICO BRASILIENSE;SP;1;157;12/02/2026 22:37;12/02/2026 22:37
;603;ADM - ARARAQUARA - SP;CONGREGAÇÃO CRISTÃ NO BRASIL;4,40E+13;ARARAQUARA;SP;1;157;12/02/2026 22:37;12/02/2026 22:37
;604;ADM - BARRETOS - SP;CONGREGAÇÃO CRISTÃ NO BRASIL;4,48E+13;BARRETOS;SP;1;157;12/02/2026 22:37;12/02/2026 22:37
;605;ADM - BARRINHA - SP;CONGREGAÇÃO CRISTÃ NO BRASIL;4,68E+13;BARRINHA;SP;1;157;12/02/2026 22:37;12/02/2026 22:37
;606;ADM - BEBEDOURO - SP;CONGREGAÇÃO CRISTÃ NO BRASIL;4,52E+13;BEBEDOURO;SP;1;157;12/02/2026 22:37;12/02/2026 22:37
;607;ADM - BOA ESPERANÇA DO SUL - SP;CONGREGAÇÃO CRISTÃ NO BRASIL;4,40E+13;BOA ESPERANÇA DO SUL;SP;1;157;12/02/2026 22:37;12/02/2026 22:37
;608;ADM - COLINA - SP;CONGREGAÇÃO CRISTÃ NO BRASIL;4,73E+13;COLINA;SP;1;157;12/02/2026 22:37;12/02/2026 22:37
;609;ADM - COLÔMBIA - SP;CONGREGAÇÃO CRISTÃ NO BRASIL;5,18E+13;COLÔMBIA;SP;1;157;12/02/2026 22:37;12/02/2026 22:37
;610;ADM - CORUMBATAÍ - SP;CONGREGAÇÃO CRISTÃ NO BRASIL;2,94E+12;CORUMBATAÍ;SP;1;157;12/02/2026 22:37;12/02/2026 22:37
;611;ADM - DOURADO - SP;CONGREGAÇÃO CRISTÃ NO BRASIL;4,71E+13;DOURADO;SP;1;157;12/02/2026 22:37;12/02/2026 22:37
;612;ADM - GUAÍRA - SP;CONGREGAÇÃO CRISTÃ NO BRASIL;4,53E+13;GUAÍRA;SP;1;157;12/02/2026 22:37;12/02/2026 22:37
;613;ADM - GUARIBA - SP;CONGREGAÇÃO CRISTÃ NO BRASIL;4,45E+13;GUARIBA;SP;1;157;12/02/2026 22:37;12/02/2026 22:37
;614;ADM - IBATÉ - SP;CONGREGAÇÃO CRISTÃ NO BRASIL;5,96E+13;IBATÉ;SP;1;157;12/02/2026 22:37;12/02/2026 22:37
;615;ADM - ITIRAPINA - SP;CONGREGAÇÃO CRISTÃ NO BRASIL;5,14E+13;ITIRAPINA;SP;1;157;12/02/2026 22:37;12/02/2026 22:37
;616;ADM - JABORANDI - SP;CONGREGAÇÃO CRISTÃ NO BRASIL;5,03E+13;JABORANDI;SP;1;157;12/02/2026 22:37;12/02/2026 22:37
;617;ADM - JABOTICABAL - SP;CONGREGAÇÃO CRISTÃ NO BRASIL;5,04E+13;JABOTICABAL;SP;1;157;12/02/2026 22:37;12/02/2026 22:37
;618;ADM - MATÃO - SP;CONGREGAÇÃO CRISTÃ NO BRASIL;5,23E+13;MATÃO;SP;1;157;12/02/2026 22:37;12/02/2026 22:37
;619;ADM - MIGUELÓPOLIS - SP;CONGREGAÇÃO CRISTÃ NO BRASIL;4,53E+13;MIGUELÓPOLIS;SP;1;157;12/02/2026 22:37;12/02/2026 22:37
;620;ADM - MONTE AZUL PAULISTA - SP;CONGREGAÇÃO CRISTÃ NO BRASIL;5,29E+13;MONTE AZUL PAULISTA;SP;1;157;12/02/2026 22:37;12/02/2026 22:37
;621;ADM - MORRO AGUDO - SP;CONGREGAÇÃO CRISTÃ NO BRASIL;4,53E+13;MORRO AGUDO;SP;1;157;12/02/2026 22:37;12/02/2026 22:37
;622;ADM - MOTUCA - SP;CONGREGAÇÃO CRISTÃ NO BRASIL;2,97E+12;MOTUCA;SP;1;157;12/02/2026 22:37;12/02/2026 22:37
;623;ADM - NOVA EUROPA - SP;CONGREGAÇÃO CRISTÃ NO BRASIL;4,40E+13;NOVA EUROPA;SP;1;157;12/02/2026 22:37;12/02/2026 22:37
;624;ADM - PITANGUEIRAS - SP;CONGREGAÇÃO CRISTÃ NO BRASIL;5,49E+13;PITANGUEIRAS;SP;1;157;12/02/2026 22:37;12/02/2026 22:37
;625;ADM - PRADÓPOLIS - SP;CONGREGAÇÃO CRISTÃ NO BRASIL;4,53E+13;PRADÓPOLIS;SP;1;157;12/02/2026 22:37;12/02/2026 22:37
;626;ADM - RIBEIRÃO BONITO - SP;CONGREGAÇÃO CRISTÃ NO BRASIL;4,54E+13;RIBEIRÃO BONITO;SP;1;157;12/02/2026 22:37;12/02/2026 22:37
;627;ADM - RINCÃO - SP;CONGREGAÇÃO CRISTÃ NO BRASIL;5,63E+13;RINCÃO;SP;1;157;12/02/2026 22:37;12/02/2026 22:37
;628;ADM - RIO CLARO - SP;CONGREGAÇÃO CRISTÃ NO BRASIL;5,64E+13;RIO CLARO;SP;1;157;12/02/2026 22:37;12/02/2026 22:37
;629;ADM - SANTA GERTRUDES - SP;CONGREGAÇÃO CRISTÃ NO BRASIL;2,94E+12;SANTA GERTRUDES;SP;1;157;12/02/2026 22:37;12/02/2026 22:37
;630;ADM - SANTA LÚCIA - SP;CONGREGAÇÃO CRISTÃ NO BRASIL;4,53E+13;SANTA LÚCIA;SP;1;157;12/02/2026 22:37;12/02/2026 22:37
;631;ADM - SÃO CARLOS - SP;CONGREGAÇÃO CRISTÃ NO BRASIL;5,96E+13;SÃO CARLOS;SP;1;157;12/02/2026 22:37;12/02/2026 22:37
;632;ADM - TAIAÇU - SP;CONGREGAÇÃO CRISTÃ NO BRASIL;6,49E+13;TAIAÇU;SP;1;157;12/02/2026 22:37;12/02/2026 22:37
;633;ADM - TAIÚVA - SP;CONGREGAÇÃO CRISTÃ NO BRASIL;7,20E+13;TAIÚVA;SP;1;157;12/02/2026 22:37;12/02/2026 22:37
;634;ADM - TERRA ROXA - SP;CONGREGAÇÃO CRISTÃ NO BRASIL;7,24E+13;TERRA ROXA;SP;1;157;12/02/2026 22:37;12/02/2026 22:37
;635;ADM - VIRADOURO - SP;CONGREGAÇÃO CRISTÃ NO BRASIL;7,29E+13;VIRADOURO;SP;1;157;12/02/2026 22:37;12/02/2026 22:37
;636;ADM - ATIBAIA - SP;CONGREGAÇÃO CRISTÃ NO BRASIL;4,45E+13;ATIBAIA;SP;1;158;12/02/2026 22:37;12/02/2026 22:37
;637;ADM - BRAGANÇA PAULISTA - SP;CONGREGAÇÃO CRISTÃ NO BRASIL;4,56E+13;BRAGANÇA PAULISTA;SP;1;158;12/02/2026 22:37;12/02/2026 22:37
;638;ADM - MAIRIPORÃ - SP;CONGREGAÇÃO CRISTÃ NO BRASIL;5,20E+13;MAIRIPORÃ;SP;1;158;12/02/2026 22:37;12/02/2026 22:37
;639;ADM - NAZARÉ PAULISTA - SP;CONGREGAÇÃO CRISTÃ NO BRASIL;;NAZARÉ PAULISTA;SP;1;158;12/02/2026 22:37;12/02/2026 22:37
;640;ADM - AGUDOS - SP;CONGREGAÇÃO CRISTÃ NO BRASIL;4,31E+13;AGUDOS;SP;1;90;12/02/2026 22:37;12/02/2026 22:37
;641;ADM - AREIÓPOLIS - SP;CONGREGAÇÃO CRISTÃ NO BRASIL;6,03E+13;AREIÓPOLIS;SP;1;90;12/02/2026 22:37;12/02/2026 22:37
;642;ADM - BARRA BONITA - SP;CONGREGAÇÃO CRISTÃ NO BRASIL;4,47E+13;BARRA BONITA;SP;1;90;12/02/2026 22:37;12/02/2026 22:37
;643;ADM - BAURU - SP;CONGREGAÇÃO CRISTÃ NO BRASIL;4,50E+13;BAURU;SP;1;90;12/02/2026 22:37;12/02/2026 22:37
;644;ADM - BOTUCATU - SP;CONGREGAÇÃO CRISTÃ NO BRASIL;4,55E+13;BOTUCATU;SP;1;90;12/02/2026 22:37;12/02/2026 22:37
;645;ADM - JAÚ - SP;CONGREGAÇÃO CRISTÃ NO BRASIL;5,08E+13;JAÚ;SP;1;90;12/02/2026 22:37;12/02/2026 22:37
;646;ADM - LENÇÓIS PAULISTA - SP;CONGREGAÇÃO CRISTÃ NO BRASIL;5,14E+13;LENÇÓIS PAULISTA;SP;1;90;12/02/2026 22:37;12/02/2026 22:37
;647;ADM - PEDERNEIRAS - SP;CONGREGAÇÃO CRISTÃ NO BRASIL;5,38E+13;PEDERNEIRAS;SP;1;90;12/02/2026 22:37;12/02/2026 22:37
;648;ADM - SÃO MANUEL - SP;CONGREGAÇÃO CRISTÃ NO BRASIL;6,03E+13;SÃO MANUEL;SP;1;90;12/02/2026 22:37;12/02/2026 22:37
;649;ADM - AMERICANA - SP;CONGREGAÇÃO CRISTÃ NO BRASIL;4,33E+13;AMERICANA;SP;1;91;12/02/2026 22:37;12/02/2026 22:37
;650;ADM - ARTUR NOGUEIRA - SP;CONGREGAÇÃO CRISTÃ NO BRASIL;5,84E+13;ARTUR NOGUEIRA;SP;1;91;12/02/2026 22:37;12/02/2026 22:37
;651;ADM - CAMPINAS - SP;CONGREGAÇÃO CRISTÃ NO BRASIL;4,60E+13;CAMPINAS;SP;1;91;12/02/2026 22:37;13/02/2026 18:15
;652;ADM - CORDEIRÓPOLIS - SP;CONGREGAÇÃO CRISTÃ NO BRASIL;5,14E+13;CORDEIRÓPOLIS;SP;1;91;12/02/2026 22:37;12/02/2026 22:37
;653;ADM - COSMÓPOLIS - SP;CONGREGAÇÃO CRISTÃ NO BRASIL;4,74E+13;COSMÓPOLIS;SP;1;91;12/02/2026 22:37;12/02/2026 22:37
;654;ADM - ENGENHEIRO COELHO - SP;CONGREGAÇÃO CRISTÃ NO BRASIL;1,76E+13;ENGENHEIRO COELHO;SP;1;91;12/02/2026 22:37;12/02/2026 22:37
;655;ADM - HORTOLÂNDIA - SP;CONGREGAÇÃO CRISTÃ NO BRASIL;6,80E+13;HORTOLÂNDIA;SP;1;91;12/02/2026 22:37;12/02/2026 22:37
;656;ADM - INDAIATUBA - SP;CONGREGAÇÃO CRISTÃ NO BRASIL;4,95E+13;INDAIATUBA;SP;1;91;12/02/2026 22:37;12/02/2026 22:37
;657;ADM - IRACEMÁPOLIS - SP;CONGREGAÇÃO CRISTÃ NO BRASIL;5,70E+13;IRACEMÁPOLIS;SP;1;91;12/02/2026 22:37;12/02/2026 22:37
;658;ADM - LIMEIRA - SP;CONGREGAÇÃO CRISTÃ NO BRASIL;5,15E+13;LIMEIRA;SP;1;91;12/02/2026 22:37;12/02/2026 22:37
;659;ADM - MONTE MOR - SP;CONGREGAÇÃO CRISTÃ NO BRASIL;5,19E+13;MONTE MOR;SP;1;91;12/02/2026 22:37;12/02/2026 22:37
;660;ADM - NOVA ODESSA - SP;CONGREGAÇÃO CRISTÃ NO BRASIL;4,47E+13;NOVA ODESSA;SP;1;91;12/02/2026 22:37;12/02/2026 22:37
;661;ADM - PAULÍNIA - SP;CONGREGAÇÃO CRISTÃ NO BRASIL;5,13E+13;PAULÍNIA;SP;1;91;12/02/2026 22:37;12/02/2026 22:37
;662;ADM - SANTA BÁRBARA D'OESTE - SP;CONGREGAÇÃO CRISTÃ NO BRASIL;5,67E+13;SANTA BÁRBARA D'OESTE;SP;1;91;12/02/2026 22:37;12/02/2026 22:37
;663;ADM - SUMARÉ - SP;CONGREGAÇÃO CRISTÃ NO BRASIL;4,61E+13;SUMARÉ;SP;1;91;12/02/2026 22:37;12/02/2026 22:37
;664;ADM - VALINHOS - SP;CONGREGAÇÃO CRISTÃ NO BRASIL;4,60E+13;VALINHOS;SP;1;91;12/02/2026 22:37;12/02/2026 22:37
;665;ADM - VINHEDO - SP;CONGREGAÇÃO CRISTÃ NO BRASIL;4,82E+13;VINHEDO;SP;1;91;12/02/2026 22:37;12/02/2026 22:37
;666;ADM - FRUTAL - MG;CONGREGAÇÃO CRISTÃ NO BRASIL;2,06E+13;FRUTAL;MG;1;92;12/02/2026 22:37;12/02/2026 22:37
;667;ADM - BURITAMA - SP;CONGREGAÇÃO CRISTÃ NO BRASIL;4,54E+13;BURITAMA;SP;1;92;12/02/2026 22:37;12/02/2026 22:37
;668;ADM - CATANDUVA - SP;CONGREGAÇÃO CRISTÃ NO BRASIL;4,71E+13;CATANDUVA;SP;1;92;12/02/2026 22:37;12/02/2026 22:37
;669;ADM - CEDRAL - SP;CONGREGAÇÃO CRISTÃ NO BRASIL;4,69E+13;CEDRAL;SP;1;92;12/02/2026 22:37;12/02/2026 22:37
;670;ADM - FLOREAL - SP;CONGREGAÇÃO CRISTÃ NO BRASIL;4,38E+13;FLOREAL;SP;1;92;12/02/2026 22:37;12/02/2026 22:37
;671;ADM - IBITINGA - SP;CONGREGAÇÃO CRISTÃ NO BRASIL;4,93E+13;IBITINGA;SP;1;92;12/02/2026 22:37;12/02/2026 22:37
;672;ADM - ITÁPOLIS - SP;CONGREGAÇÃO CRISTÃ NO BRASIL;5,00E+13;ITÁPOLIS;SP;1;92;12/02/2026 22:37;12/02/2026 22:37
;673;ADM - JOSÉ BONIFÁCIO - SP;CONGREGAÇÃO CRISTÃ NO BRASIL;5,50E+13;JOSÉ BONIFÁCIO;SP;1;92;12/02/2026 22:37;12/02/2026 22:37
;674;ADM - MARAPOAMA - SP;CONGREGAÇÃO CRISTÃ NO BRASIL;4,96E+13;MARAPOAMA;SP;1;92;12/02/2026 22:37;12/02/2026 22:37
;675;ADM - MIRASSOL - SP;CONGREGAÇÃO CRISTÃ NO BRASIL;5,24E+13;MIRASSOL;SP;1;92;12/02/2026 22:37;12/02/2026 22:37
;676;ADM - MONTE ALTO - SP;CONGREGAÇÃO CRISTÃ NO BRASIL;5,29E+13;MONTE ALTO;SP;1;92;12/02/2026 22:37;12/02/2026 22:37
;677;ADM - MONTE APRAZÍVEL - SP;CONGREGAÇÃO CRISTÃ NO BRASIL;5,29E+13;MONTE APRAZÍVEL;SP;1;92;12/02/2026 22:37;12/02/2026 22:37
;678;ADM - PALESTINA - SP;CONGREGAÇÃO CRISTÃ NO BRASIL;;PALESTINA;SP;1;92;12/02/2026 22:37;12/02/2026 22:37
;679;ADM - OLÍMPIA - SP;CONGREGAÇÃO CRISTÃ NO BRASIL;5,32E+13;OLÍMPIA;SP;1;92;12/02/2026 22:37;12/02/2026 22:37
;680;ADM - PALMARES PAULISTA - SP;CONGREGAÇÃO CRISTÃ NO BRASIL;6,57E+13;PALMARES PAULISTA;SP;1;92;12/02/2026 22:37;12/02/2026 22:37
;681;ADM - PAULO DE FARIA - SP;CONGREGAÇÃO CRISTÃ NO BRASIL;5,38E+13;PAULO DE FARIA;SP;1;92;12/02/2026 22:37;12/02/2026 22:37
;682;ADM - POTIRENDABA - SP;CONGREGAÇÃO CRISTÃ NO BRASIL;5,52E+13;POTIRENDABA;SP;1;92;12/02/2026 22:37;12/02/2026 22:37
;683;ADM - SANTA ADÉLIA - SP;CONGREGAÇÃO CRISTÃ NO BRASIL;5,67E+13;SANTA ADÉLIA;SP;1;92;12/02/2026 22:37;12/02/2026 22:37
;684;ADM - SÃO JOSÉ DO RIO PRETO - SP;CONGREGAÇÃO CRISTÃ NO BRASIL;6,00E+13;SÃO JOSÉ DO RIO PRETO;SP;1;92;12/02/2026 22:37;12/02/2026 22:37
;685;ADM - TAQUARITINGA - SP;CONGREGAÇÃO CRISTÃ NO BRASIL;7,21E+13;TAQUARITINGA;SP;1;92;12/02/2026 22:37;12/02/2026 22:37
;686;ADM - EMBU-GUAÇU - SP;CONGREGAÇÃO CRISTÃ NO BRASIL;3,62E+12;EMBU-GUAÇU;SP;1;154;12/02/2026 22:37;12/02/2026 22:37
;687;ADM - ITAPECERICA DA SERRA - SP;CONGREGAÇÃO CRISTÃ NO BRASIL;5,13E+13;ITAPECERICA DA SERRA;SP;1;154;12/02/2026 22:37;12/02/2026 22:37
;688;ADM - JUQUITIBA - SP;CONGREGAÇÃO CRISTÃ NO BRASIL;5,13E+13;JUQUITIBA;SP;1;154;12/02/2026 22:37;12/02/2026 22:37
;689;ADM - TABOÃO DA SERRA - SP;CONGREGAÇÃO CRISTÃ NO BRASIL;1,64E+12;TABOÃO DA SERRA;SP;1;154;12/02/2026 22:37;12/02/2026 22:37
;690;ADM - CARNEIRINHO - MG;CONGREGAÇÃO CRISTÃ NO BRASIL;1,82E+13;CARNEIRINHO;MG;1;93;12/02/2026 22:37;12/02/2026 22:37
;691;ADM - ITURAMA - MG;CONGREGAÇÃO CRISTÃ NO BRASIL;1,82E+13;ITURAMA;MG;1;93;12/02/2026 22:37;12/02/2026 22:37
;692;ADM - APARECIDA DO TABOADO - MS;CONGREGAÇÃO CRISTÃ NO BRASIL;3,02E+12;APARECIDA DO TABOADO;MS;1;93;12/02/2026 22:37;12/02/2026 22:37
;693;ADM - CASSILÂNDIA - MS;CONGREGAÇÃO CRISTÃ NO BRASIL;3,70E+12;CASSILÂNDIA;MS;1;93;12/02/2026 22:37;12/02/2026 22:37
;694;ADM - CHAPADÃO DO SUL - MS;CONGREGAÇÃO CRISTÃ NO BRASIL;4,44E+12;CHAPADÃO DO SUL;MS;1;93;12/02/2026 22:37;12/02/2026 22:37
;695;ADM - INOCÊNCIA - MS;CONGREGAÇÃO CRISTÃ NO BRASIL;2,04E+12;INOCÊNCIA;MS;1;93;12/02/2026 22:37;12/02/2026 22:37
;696;ADM - PARANAÍBA - MS;CONGREGAÇÃO CRISTÃ NO BRASIL;3,70E+12;PARANAÍBA;MS;1;93;12/02/2026 22:37;12/02/2026 22:37
;697;ADM - AURIFLAMA - SP;CONGREGAÇÃO CRISTÃ NO BRASIL;4,38E+13;AURIFLAMA;SP;1;93;12/02/2026 22:37;12/02/2026 22:37
;698;ADM - CARDOSO - SP;CONGREGAÇÃO CRISTÃ NO BRASIL;4,70E+13;CARDOSO;SP;1;93;12/02/2026 22:37;12/02/2026 22:37
;699;ADM - FERNANDÓPOLIS - SP;CONGREGAÇÃO CRISTÃ NO BRASIL;4,78E+13;FERNANDÓPOLIS;SP;1;93;12/02/2026 22:37;12/02/2026 22:37
;700;ADM - GENERAL SALGADO - SP;CONGREGAÇÃO CRISTÃ NO BRASIL;4,38E+13;GENERAL SALGADO;SP;1;93;12/02/2026 22:37;12/02/2026 22:37
;701;ADM - JALES - SP;CONGREGAÇÃO CRISTÃ NO BRASIL;5,06E+13;JALES;SP;1;93;12/02/2026 22:37;12/02/2026 22:37
;702;ADM - MAGDA - SP;CONGREGAÇÃO CRISTÃ NO BRASIL;4,38E+13;MAGDA;SP;1;93;12/02/2026 22:37;12/02/2026 22:37
;703;ADM - PALMEIRA D'OESTE - SP;CONGREGAÇÃO CRISTÃ NO BRASIL;;PALMEIRA D'OESTE;SP;1;93;12/02/2026 22:37;12/02/2026 22:37
;704;ADM - PARANAPUÃ - SP;CONGREGAÇÃO CRISTÃ NO BRASIL;5,06E+13;PARANAPUÃ;SP;1;93;12/02/2026 22:37;12/02/2026 22:37
;705;ADM - SANTA FÉ DO SUL - SP;CONGREGAÇÃO CRISTÃ NO BRASIL;5,06E+13;SANTA FÉ DO SUL;SP;1;93;12/02/2026 22:37;12/02/2026 22:37
;706;ADM - TRÊS FRONTEIRAS - SP;CONGREGAÇÃO CRISTÃ NO BRASIL;5,06E+13;TRÊS FRONTEIRAS;SP;1;93;12/02/2026 22:37;12/02/2026 22:37
;707;ADM - URÂNIA - SP;CONGREGAÇÃO CRISTÃ NO BRASIL;5,06E+13;URÂNIA;SP;1;93;12/02/2026 22:37;12/02/2026 22:37
;708;ADM - VOTUPORANGA - SP;CONGREGAÇÃO CRISTÃ NO BRASIL;;VOTUPORANGA;SP;1;93;12/02/2026 22:37;12/02/2026 22:37
;709;ADM - GUARULHOS - SP;CONGREGAÇÃO CRISTÃ NO BRASIL;5,85E+13;GUARULHOS;SP;1;151;12/02/2026 22:37;12/02/2026 22:37
;710;ADM - ITAQUAQUECETUBA - SP;CONGREGAÇÃO CRISTÃ NO BRASIL;2,23E+12;ITAQUAQUECETUBA;SP;1;151;12/02/2026 22:37;12/02/2026 22:37
;711;ADM - MOGI DAS CRUZES - SP;CONGREGAÇÃO CRISTÃ NO BRASIL;5,13E+13;MOGI DAS CRUZES;SP;1;217;12/02/2026 22:37;12/02/2026 22:37
;712;ADM - SANTA ISABEL - SP;CONGREGAÇÃO CRISTÃ NO BRASIL;4,43E+13;SANTA ISABEL;SP;1;151;12/02/2026 22:37;12/02/2026 22:37
;713;ADM - SUZANO - SP;CONGREGAÇÃO CRISTÃ NO BRASIL;5,96E+13;SUZANO;SP;1;217;12/02/2026 22:37;12/02/2026 22:37
;714;ADM - AVARÉ - SP;CONGREGAÇÃO CRISTÃ NO BRASIL;4,46E+13;AVARÉ;SP;1;94;12/02/2026 22:37;12/02/2026 22:37
;715;ADM - BERNARDINO DE CAMPOS - SP;CONGREGAÇÃO CRISTÃ NO BRASIL;5,15E+13;BERNARDINO DE CAMPOS;SP;1;94;12/02/2026 22:37;12/02/2026 22:37
;716;ADM - CERQUEIRA CÉSAR - SP;CONGREGAÇÃO CRISTÃ NO BRASIL;4,54E+13;CERQUEIRA CÉSAR;SP;1;94;12/02/2026 22:37;12/02/2026 22:37
;717;ADM - FARTURA - SP;CONGREGAÇÃO CRISTÃ NO BRASIL;4,84E+13;FARTURA;SP;1;94;12/02/2026 22:37;12/02/2026 22:37
;718;ADM - ITAÍ - SP;CONGREGAÇÃO CRISTÃ NO BRASIL;4,96E+13;ITAÍ;SP;1;94;12/02/2026 22:37;12/02/2026 22:37
;719;ADM - ITAPORANGA - SP;CONGREGAÇÃO CRISTÃ NO BRASIL;4,59E+13;ITAPORANGA;SP;1;94;12/02/2026 22:37;12/02/2026 22:37
;720;ADM - ITATINGA - SP;CONGREGAÇÃO CRISTÃ NO BRASIL;5,08E+13;ITATINGA;SP;1;94;12/02/2026 22:37;12/02/2026 22:37
;721;ADM - MANDURI - SP;CONGREGAÇÃO CRISTÃ NO BRASIL;3,88E+12;MANDURI;SP;1;94;12/02/2026 22:37;12/02/2026 22:37
;722;ADM - OURINHOS - SP;CONGREGAÇÃO CRISTÃ NO BRASIL;5,34E+13;OURINHOS;SP;1;94;12/02/2026 22:37;12/02/2026 22:37
;723;ADM - PARANAPANEMA - SP;CONGREGAÇÃO CRISTÃ NO BRASIL;4,90E+13;PARANAPANEMA;SP;1;94;12/02/2026 22:37;12/02/2026 22:37
;724;ADM - PIRAJU - SP;CONGREGAÇÃO CRISTÃ NO BRASIL;5,15E+13;PIRAJU;SP;1;94;12/02/2026 22:37;12/02/2026 22:37
;725;ADM - TAQUARITUBA - SP;CONGREGAÇÃO CRISTÃ NO BRASIL;4,68E+13;TAQUARITUBA;SP;1;94;12/02/2026 22:37;12/02/2026 22:37
;726;ADM - APIAÍ - SP;CONGREGAÇÃO CRISTÃ NO BRASIL;4,68E+13;APIAÍ;SP;1;95;12/02/2026 22:37;12/02/2026 22:37
;727;ADM - BARRA DO CHAPÉU - SP;CONGREGAÇÃO CRISTÃ NO BRASIL;7,16E+13;BARRA DO CHAPÉU;SP;1;95;12/02/2026 22:37;12/02/2026 22:37
;728;ADM - BURI - SP;CONGREGAÇÃO CRISTÃ NO BRASIL;2,75E+12;BURI;SP;1;95;12/02/2026 22:37;12/02/2026 22:37
;729;ADM - CAPÃO BONITO - SP;CONGREGAÇÃO CRISTÃ NO BRASIL;4,54E+13;CAPÃO BONITO;SP;1;95;12/02/2026 22:37;12/02/2026 22:37
;730;ADM - GUAPIARA - SP;CONGREGAÇÃO CRISTÃ NO BRASIL;1,87E+12;GUAPIARA;SP;1;95;12/02/2026 22:37;12/02/2026 22:37
;731;ADM - ITABERÁ - SP;CONGREGAÇÃO CRISTÃ NO BRASIL;2,80E+12;ITABERÁ;SP;1;95;12/02/2026 22:37;12/02/2026 22:37
;732;ADM - ITAPEVA - SP;CONGREGAÇÃO CRISTÃ NO BRASIL;4,98E+13;ITAPEVA;SP;1;95;12/02/2026 22:37;12/02/2026 22:37
;733;ADM - ITAPIRAPUÃ PAULISTA - SP;CONGREGAÇÃO CRISTÃ NO BRASIL;1,18E+13;ITAPIRAPUÃ PAULISTA;SP;1;95;12/02/2026 22:37;12/02/2026 22:37
;734;ADM - ITARARÉ - SP;CONGREGAÇÃO CRISTÃ NO BRASIL;5,01E+13;ITARARÉ;SP;1;95;12/02/2026 22:37;12/02/2026 22:37
;735;ADM - RIBEIRÃO BRANCO - SP;CONGREGAÇÃO CRISTÃ NO BRASIL;5,08E+13;RIBEIRÃO BRANCO;SP;1;95;12/02/2026 22:37;12/02/2026 22:37
;736;ADM - CABREÚVA - SP;CONGREGAÇÃO CRISTÃ NO BRASIL;4,57E+13;CABREÚVA;SP;1;96;12/02/2026 22:37;12/02/2026 22:37
;737;ADM - CAMPO LIMPO PAULISTA - SP;CONGREGAÇÃO CRISTÃ NO BRASIL;4,67E+13;CAMPO LIMPO PAULISTA;SP;1;96;12/02/2026 22:37;12/02/2026 22:37
;738;ADM - ITATIBA - SP;CONGREGAÇÃO CRISTÃ NO BRASIL;4,79E+13;ITATIBA;SP;1;96;12/02/2026 22:37;12/02/2026 22:37
;739;ADM - ITUPEVA - SP;CONGREGAÇÃO CRISTÃ NO BRASIL;8,68E+12;ITUPEVA;SP;1;96;12/02/2026 22:37;12/02/2026 22:37
;740;ADM - JUNDIAÍ - SP;CONGREGAÇÃO CRISTÃ NO BRASIL;5,10E+13;JUNDIAÍ;SP;1;96;12/02/2026 22:37;12/02/2026 22:37
;741;ADM - VÁRZEA PAULISTA - SP;CONGREGAÇÃO CRISTÃ NO BRASIL;5,75E+13;VÁRZEA PAULISTA;SP;1;96;12/02/2026 22:37;12/02/2026 22:37
;742;ADM - BARUERI - SP;CONGREGAÇÃO CRISTÃ NO BRASIL;9,28E+12;BARUERI;SP;1;152;12/02/2026 22:37;12/02/2026 22:37
;743;ADM - CARAPICUÍBA - SP;CONGREGAÇÃO CRISTÃ NO BRASIL;7,31E+13;CARAPICUÍBA;SP;1;152;12/02/2026 22:37;12/02/2026 22:37
;744;ADM - COTIA - SP;CONGREGAÇÃO CRISTÃ NO BRASIL;4,76E+13;COTIA;SP;1;152;12/02/2026 22:37;12/02/2026 22:37
;745;ADM - ITAPEVI - SP;CONGREGAÇÃO CRISTÃ NO BRASIL;5,63E+13;ITAPEVI;SP;1;152;12/02/2026 22:37;12/02/2026 22:37
;746;ADM - JANDIRA - SP;CONGREGAÇÃO CRISTÃ NO BRASIL;9,27E+12;JANDIRA;SP;1;152;12/02/2026 22:37;12/02/2026 22:37
;747;ADM - OSASCO - SP;CONGREGAÇÃO CRISTÃ NO BRASIL;5,74E+13;OSASCO;SP;1;152;12/02/2026 22:37;12/02/2026 22:37
;748;ADM - SANTANA DE PARNAÍBA - SP;CONGREGAÇÃO CRISTÃ NO BRASIL;1,30E+13;SANTANA DE PARNAÍBA;SP;1;152;12/02/2026 22:37;12/02/2026 22:37
;749;ADM - VARGEM GRANDE PAULISTA - SP;CONGREGAÇÃO CRISTÃ NO BRASIL;5,38E+12;VARGEM GRANDE PAULISTA;SP;1;152;12/02/2026 22:37;12/02/2026 22:37
;750;ADM - ADAMANTINA - SP;CONGREGAÇÃO CRISTÃ NO BRASIL;4,30E+13;ADAMANTINA;SP;1;97;12/02/2026 22:37;12/02/2026 22:37
;751;ADM - BASTOS - SP;CONGREGAÇÃO CRISTÃ NO BRASIL;4,83E+13;BASTOS;SP;1;97;12/02/2026 22:37;12/02/2026 22:37
;752;ADM - DRACENA - SP;CONGREGAÇÃO CRISTÃ NO BRASIL;4,76E+13;DRACENA;SP;1;97;12/02/2026 22:37;12/02/2026 22:37
;753;ADM - GARÇA - SP;CONGREGAÇÃO CRISTÃ NO BRASIL;4,82E+13;GARÇA;SP;1;97;12/02/2026 22:37;12/02/2026 22:37
;754;ADM - IRAPURU - SP;CONGREGAÇÃO CRISTÃ NO BRASIL;5,35E+13;IRAPURU;SP;1;97;12/02/2026 22:37;12/02/2026 22:37
;755;ADM - LUCÉLIA - SP;CONGREGAÇÃO CRISTÃ NO BRASIL;5,18E+13;LUCÉLIA;SP;1;97;12/02/2026 22:37;12/02/2026 22:37
;756;ADM - MARÍLIA - SP;CONGREGAÇÃO CRISTÃ NO BRASIL;5,21E+13;MARÍLIA;SP;1;97;12/02/2026 22:37;12/02/2026 22:37
;757;ADM - OSVALDO CRUZ - SP;CONGREGAÇÃO CRISTÃ NO BRASIL;5,33E+13;OSVALDO CRUZ;SP;1;97;12/02/2026 22:37;12/02/2026 22:37
;758;ADM - PACAEMBU - SP;CONGREGAÇÃO CRISTÃ NO BRASIL;5,35E+13;PACAEMBU;SP;1;97;12/02/2026 22:37;12/02/2026 22:37
;759;ADM - PANORAMA - SP;CONGREGAÇÃO CRISTÃ NO BRASIL;4,64E+13;PANORAMA;SP;1;97;12/02/2026 22:37;12/02/2026 22:37
;760;ADM - PARAPUÃ - SP;CONGREGAÇÃO CRISTÃ NO BRASIL;5,37E+13;PARAPUÃ;SP;1;97;12/02/2026 22:37;12/02/2026 22:37
;761;ADM - POMPÉIA - SP;CONGREGAÇÃO CRISTÃ NO BRASIL;5,51E+13;POMPÉIA;SP;1;97;12/02/2026 22:37;12/02/2026 22:37
;762;ADM - RINÓPOLIS - SP;CONGREGAÇÃO CRISTÃ NO BRASIL;5,64E+13;RINÓPOLIS;SP;1;97;12/02/2026 22:37;12/02/2026 22:37
;763;ADM - TUPÃ - SP;CONGREGAÇÃO CRISTÃ NO BRASIL;7,26E+13;TUPÃ;SP;1;97;12/02/2026 22:37;12/02/2026 22:37
;764;ADM - TUPI PAULISTA - SP;CONGREGAÇÃO CRISTÃ NO BRASIL;7,27E+13;TUPI PAULISTA;SP;1;97;12/02/2026 22:37;12/02/2026 22:37
;765;ADM - CRUZEIRO - SP;CONGREGAÇÃO CRISTÃ NO BRASIL;4,83E+13;CRUZEIRO;SP;1;98;12/02/2026 22:37;12/02/2026 22:37
;766;ADM - GUARATINGUETÁ - SP;CONGREGAÇÃO CRISTÃ NO BRASIL;4,86E+13;GUARATINGUETÁ;SP;1;98;12/02/2026 22:37;12/02/2026 22:37
;767;ADM - JACAREÍ - SP;CONGREGAÇÃO CRISTÃ NO BRASIL;5,05E+13;JACAREÍ;SP;1;98;12/02/2026 22:37;12/02/2026 22:37
;768;ADM - PINDAMONHANGABA - SP;CONGREGAÇÃO CRISTÃ NO BRASIL;5,41E+13;PINDAMONHANGABA;SP;1;98;12/02/2026 22:37;12/02/2026 22:37
;769;ADM - SÃO JOSÉ DOS CAMPOS - SP;CONGREGAÇÃO CRISTÃ NO BRASIL;6,02E+13;SÃO JOSÉ DOS CAMPOS;SP;1;98;12/02/2026 22:37;12/02/2026 22:37
;770;ADM - TAUBATÉ - SP;CONGREGAÇÃO CRISTÃ NO BRASIL;7,23E+13;TAUBATÉ;SP;1;98;12/02/2026 22:37;12/02/2026 22:37
;771;ADM - ÁGUAS DE SÃO PEDRO - SP;CONGREGAÇÃO CRISTÃ NO BRASIL;5,22E+13;ÁGUAS DE SÃO PEDRO;SP;1;3;12/02/2026 22:37;12/02/2026 22:37
;772;ADM - CHARQUEADA - SP;CONGREGAÇÃO CRISTÃ NO BRASIL;4,77E+13;CHARQUEADA;SP;1;3;12/02/2026 22:37;12/02/2026 22:37
;773;ADM - PIRACICABA - SP;CONGREGAÇÃO CRISTÃ NO BRASIL;4,48E+13;PIRACICABA;SP;1;3;12/02/2026 22:37;12/02/2026 22:37
;774;ADM - RAFARD - SP;CONGREGAÇÃO CRISTÃ NO BRASIL;4,69E+13;RAFARD;SP;1;3;12/02/2026 22:37;12/02/2026 22:37
;775;ADM - RIO DAS PEDRAS - SP;CONGREGAÇÃO CRISTÃ NO BRASIL;5,13E+13;RIO DAS PEDRAS;SP;1;3;12/02/2026 22:37;12/02/2026 22:37
;776;ADM - SALTINHO - SP;CONGREGAÇÃO CRISTÃ NO BRASIL;9,65E+13;SALTINHO;SP;1;3;12/02/2026 22:37;12/02/2026 22:37
;777;ADM - SÃO PEDRO - SP;CONGREGAÇÃO CRISTÃ NO BRASIL;4,77E+13;SÃO PEDRO;SP;1;3;12/02/2026 22:37;12/02/2026 22:37
;778;ADM - ARARAS - SP;CONGREGAÇÃO CRISTÃ NO BRASIL;4,42E+13;ARARAS;SP;1;99;12/02/2026 22:37;12/02/2026 22:37
;779;ADM - CASA BRANCA - SP;CONGREGAÇÃO CRISTÃ NO BRASIL;4,47E+13;CASA BRANCA;SP;1;99;12/02/2026 22:37;12/02/2026 22:37
;780;ADM - DESCALVADO - SP;CONGREGAÇÃO CRISTÃ NO BRASIL;5,14E+13;DESCALVADO;SP;1;99;12/02/2026 22:37;12/02/2026 22:37
;781;ADM - ITOBI - SP;CONGREGAÇÃO CRISTÃ NO BRASIL;5,19E+13;ITOBI;SP;1;99;12/02/2026 22:37;12/02/2026 22:37
;782;ADM - LEME - SP;CONGREGAÇÃO CRISTÃ NO BRASIL;5,14E+13;LEME;SP;1;99;12/02/2026 22:37;12/02/2026 22:37
;783;ADM - LUÍS ANTÔNIO - SP;CONGREGAÇÃO CRISTÃ NO BRASIL;5,77E+13;LUÍS ANTÔNIO;SP;1;99;12/02/2026 22:37;12/02/2026 22:37
;784;ADM - PIRASSUNUNGA - SP;CONGREGAÇÃO CRISTÃ NO BRASIL;5,49E+13;PIRASSUNUNGA;SP;1;99;12/02/2026 22:37;12/02/2026 22:37
;785;ADM - PORTO FERREIRA - SP;CONGREGAÇÃO CRISTÃ NO BRASIL;5,52E+13;PORTO FERREIRA;SP;1;99;12/02/2026 22:37;12/02/2026 22:37
;786;ADM - SANTA CRUZ DAS PALMEIRAS - SP;CONGREGAÇÃO CRISTÃ NO BRASIL;5,68E+13;SANTA CRUZ DAS PALMEIRAS;SP;1;99;12/02/2026 22:37;12/02/2026 22:37
;787;ADM - SANTA RITA DO PASSA QUATRO - SP;CONGREGAÇÃO CRISTÃ NO BRASIL;4,57E+13;SANTA RITA DO PASSA QUATRO;SP;1;99;12/02/2026 22:37;12/02/2026 22:37
;788;ADM - SANTA ROSA DE VITERBO - SP;CONGREGAÇÃO CRISTÃ NO BRASIL;5,49E+13;SANTA ROSA DE VITERBO;SP;1;99;12/02/2026 22:37;12/02/2026 22:37
;789;ADM - SÃO SIMÃO - SP;CONGREGAÇÃO CRISTÃ NO BRASIL;7,11E+13;SÃO SIMÃO;SP;1;99;12/02/2026 22:37;12/02/2026 22:37
;790;ADM - TAMBAÚ - SP;CONGREGAÇÃO CRISTÃ NO BRASIL;4,64E+13;TAMBAÚ;SP;1;99;12/02/2026 22:37;12/02/2026 22:37
;791;ADM - ASSIS - SP;CONGREGAÇÃO CRISTÃ NO BRASIL;4,45E+13;ASSIS;SP;1;100;12/02/2026 22:37;12/02/2026 22:37
;792;ADM - CÂNDIDO MOTA - SP;CONGREGAÇÃO CRISTÃ NO BRASIL;4,60E+13;CÂNDIDO MOTA;SP;1;100;12/02/2026 22:37;12/02/2026 22:37
;793;ADM - IBIRAREMA - SP;CONGREGAÇÃO CRISTÃ NO BRASIL;5,08E+13;IBIRAREMA;SP;1;100;12/02/2026 22:37;12/02/2026 22:37
;794;ADM - IEPÊ - SP;CONGREGAÇÃO CRISTÃ NO BRASIL;4,93E+13;IEPÊ;SP;1;100;12/02/2026 22:37;12/02/2026 22:37
;795;ADM - MARACAÍ - SP;CONGREGAÇÃO CRISTÃ NO BRASIL;5,08E+13;MARACAÍ;SP;1;100;12/02/2026 22:37;12/02/2026 22:37
;796;ADM - MIRANTE DO PARANAPANEMA - SP;CONGREGAÇÃO CRISTÃ NO BRASIL;5,43E+13;MIRANTE DO PARANAPANEMA;SP;1;100;12/02/2026 22:37;12/02/2026 22:37
;797;ADM - PALMITAL - SP;CONGREGAÇÃO CRISTÃ NO BRASIL;4,83E+13;PALMITAL;SP;1;100;12/02/2026 22:37;12/02/2026 22:37
;798;ADM - PARAGUAÇU PAULISTA - SP;CONGREGAÇÃO CRISTÃ NO BRASIL;4,76E+13;PARAGUAÇU PAULISTA;SP;1;100;12/02/2026 22:37;12/02/2026 22:37
;799;ADM - PIRAPOZINHO - SP;CONGREGAÇÃO CRISTÃ NO BRASIL;4,49E+13;PIRAPOZINHO;SP;1;100;12/02/2026 22:37;12/02/2026 22:37
;800;ADM - PRESIDENTE BERNARDES - SP;CONGREGAÇÃO CRISTÃ NO BRASIL;5,53E+13;PRESIDENTE BERNARDES;SP;1;100;12/02/2026 22:37;12/02/2026 22:37
;801;ADM - PRESIDENTE EPITÁCIO - SP;CONGREGAÇÃO CRISTÃ NO BRASIL;4,49E+13;PRESIDENTE EPITÁCIO;SP;1;100;12/02/2026 22:37;12/02/2026 22:37
;802;ADM - PRESIDENTE PRUDENTE - SP;CONGREGAÇÃO CRISTÃ NO BRASIL;4,64E+13;PRESIDENTE PRUDENTE;SP;1;100;12/02/2026 22:37;12/02/2026 22:37
;803;ADM - PRESIDENTE VENCESLAU - SP;CONGREGAÇÃO CRISTÃ NO BRASIL;5,56E+13;PRESIDENTE VENCESLAU;SP;1;100;12/02/2026 22:37;12/02/2026 22:37
;804;ADM - PRIMAVERA - SP;CONGREGAÇÃO CRISTÃ NO BRASIL;;PRIMAVERA;SP;1;100;12/02/2026 22:37;12/02/2026 22:37
;805;ADM - RANCHARIA - SP;CONGREGAÇÃO CRISTÃ NO BRASIL;4,98E+13;RANCHARIA;SP;1;100;12/02/2026 22:37;12/02/2026 22:37
;806;ADM - REGENTE FEIJÓ - SP;CONGREGAÇÃO CRISTÃ NO BRASIL;4,64E+13;REGENTE FEIJÓ;SP;1;100;12/02/2026 22:37;12/02/2026 22:37
;807;ADM - SANTO ANASTÁCIO - SP;CONGREGAÇÃO CRISTÃ NO BRASIL;5,43E+13;SANTO ANASTÁCIO;SP;1;100;12/02/2026 22:37;12/02/2026 22:37
;808;ADM - TACIBA - SP;CONGREGAÇÃO CRISTÃ NO BRASIL;4,64E+13;TACIBA;SP;1;100;12/02/2026 22:37;12/02/2026 22:37
;809;ADM - TEODORO SAMPAIO - SP;CONGREGAÇÃO CRISTÃ NO BRASIL;4,49E+13;TEODORO SAMPAIO;SP;1;100;12/02/2026 22:37;12/02/2026 22:37
;810;ADM - BARRA DO TURVO - SP;CONGREGAÇÃO CRISTÃ NO BRASIL;5,22E+12;BARRA DO TURVO;SP;1;101;12/02/2026 22:37;12/02/2026 22:37
;811;ADM - CAJATI - SP;CONGREGAÇÃO CRISTÃ NO BRASIL;6,40E+13;CAJATI;SP;1;101;12/02/2026 22:37;12/02/2026 22:37
;812;ADM - CANANÉIA - SP;CONGREGAÇÃO CRISTÃ NO BRASIL;1,28E+12;CANANÉIA;SP;1;101;12/02/2026 22:37;12/02/2026 22:37
;813;ADM - ELDORADO - SP;CONGREGAÇÃO CRISTÃ NO BRASIL;4,43E+13;ELDORADO;SP;1;101;12/02/2026 22:37;12/02/2026 22:37
;814;ADM - IGUAPE - SP;CONGREGAÇÃO CRISTÃ NO BRASIL;4,94E+13;IGUAPE;SP;1;101;12/02/2026 22:37;12/02/2026 22:37
;815;ADM - ITARIRI - SP;CONGREGAÇÃO CRISTÃ NO BRASIL;7,16E+13;ITARIRI;SP;1;101;12/02/2026 22:37;12/02/2026 22:37
;816;ADM - JUQUIÁ - SP;CONGREGAÇÃO CRISTÃ NO BRASIL;7,15E+12;JUQUIÁ;SP;1;101;12/02/2026 22:37;12/02/2026 22:37
;817;ADM - MIRACATU - SP;CONGREGAÇÃO CRISTÃ NO BRASIL;4,43E+13;MIRACATU;SP;1;101;12/02/2026 22:37;12/02/2026 22:37
;818;ADM - PARIQUERA-AÇU - SP;CONGREGAÇÃO CRISTÃ NO BRASIL;5,41E+12;PARIQUERA-AÇU;SP;1;101;12/02/2026 22:37;12/02/2026 22:37
;819;ADM - REGISTRO - SP;CONGREGAÇÃO CRISTÃ NO BRASIL;5,59E+13;REGISTRO;SP;1;101;12/02/2026 22:37;12/02/2026 22:37
;820;ADM - ALTINÓPOLIS - SP;CONGREGAÇÃO CRISTÃ NO BRASIL;4,53E+13;ALTINÓPOLIS;SP;1;102;12/02/2026 22:37;12/02/2026 22:37
;821;ADM - BATATAIS - SP;CONGREGAÇÃO CRISTÃ NO BRASIL;4,53E+13;BATATAIS;SP;1;102;12/02/2026 22:37;12/02/2026 22:37
;822;ADM - BRODOWSKI - SP;CONGREGAÇÃO CRISTÃ NO BRASIL;5,77E+13;BRODOWSKI;SP;1;102;12/02/2026 22:37;12/02/2026 22:37
;823;ADM - CAJURU - SP;CONGREGAÇÃO CRISTÃ NO BRASIL;4,60E+13;CAJURU;SP;1;102;12/02/2026 22:37;12/02/2026 22:37
;824;ADM - CRAVINHOS - SP;CONGREGAÇÃO CRISTÃ NO BRASIL;4,74E+13;CRAVINHOS;SP;1;102;12/02/2026 22:37;12/02/2026 22:37
;825;ADM - DUMONT - SP;CONGREGAÇÃO CRISTÃ NO BRASIL;4,92E+13;DUMONT;SP;1;102;12/02/2026 22:37;12/02/2026 22:37
;826;ADM - FRANCA - SP;CONGREGAÇÃO CRISTÃ NO BRASIL;4,80E+13;FRANCA;SP;1;102;12/02/2026 22:37;12/02/2026 22:37
;827;ADM - GUARÁ - SP;CONGREGAÇÃO CRISTÃ NO BRASIL;4,67E+13;GUARÁ;SP;1;102;12/02/2026 22:37;12/02/2026 22:37
;828;ADM - IGARAPAVA - SP;CONGREGAÇÃO CRISTÃ NO BRASIL;4,94E+13;IGARAPAVA;SP;1;102;12/02/2026 22:37;12/02/2026 22:37
;829;ADM - IPUÃ - SP;CONGREGAÇÃO CRISTÃ NO BRASIL;4,54E+13;IPUÃ;SP;1;102;12/02/2026 22:37;12/02/2026 22:37
;830;ADM - ITUVERAVA - SP;CONGREGAÇÃO CRISTÃ NO BRASIL;5,03E+13;ITUVERAVA;SP;1;102;12/02/2026 22:37;12/02/2026 22:37
;831;ADM - JARDINÓPOLIS - SP;CONGREGAÇÃO CRISTÃ NO BRASIL;4,52E+13;JARDINÓPOLIS;SP;1;102;12/02/2026 22:37;12/02/2026 22:37
;832;ADM - NUPORANGA - SP;CONGREGAÇÃO CRISTÃ NO BRASIL;1,17E+12;NUPORANGA;SP;1;102;12/02/2026 22:37;12/02/2026 22:37
;833;ADM - ORLÂNDIA - SP;CONGREGAÇÃO CRISTÃ NO BRASIL;4,53E+13;ORLÂNDIA;SP;1;102;12/02/2026 22:37;12/02/2026 22:37
;834;ADM - PATROCÍNIO PAULISTA - SP;CONGREGAÇÃO CRISTÃ NO BRASIL;4,80E+13;PATROCÍNIO PAULISTA;SP;1;102;12/02/2026 22:37;12/02/2026 22:37
;835;ADM - PEDREGULHO - SP;CONGREGAÇÃO CRISTÃ NO BRASIL;5,42E+13;PEDREGULHO;SP;1;102;12/02/2026 22:37;12/02/2026 22:37
;836;ADM - PONTAL - SP;CONGREGAÇÃO CRISTÃ NO BRASIL;5,51E+13;PONTAL;SP;1;102;12/02/2026 22:37;12/02/2026 22:37
;837;ADM - RIBEIRÃO PRETO - SP;CONGREGAÇÃO CRISTÃ NO BRASIL;5,60E+13;RIBEIRÃO PRETO;SP;1;102;12/02/2026 22:37;12/02/2026 22:37
;838;ADM - SANTO ANTÔNIO DA ALEGRIA - SP;CONGREGAÇÃO CRISTÃ NO BRASIL;4,80E+13;SANTO ANTÔNIO DA ALEGRIA;SP;1;102;12/02/2026 22:37;12/02/2026 22:37
;839;ADM - SÃO JOAQUIM DA BARRA - SP;CONGREGAÇÃO CRISTÃ NO BRASIL;5,99E+13;SÃO JOAQUIM DA BARRA;SP;1;102;12/02/2026 22:37;12/02/2026 22:37
;840;ADM - SERRA AZUL - SP;CONGREGAÇÃO CRISTÃ NO BRASIL;7,13E+13;SERRA AZUL;SP;1;102;12/02/2026 22:37;12/02/2026 22:37
;841;ADM - SERRANA - SP;CONGREGAÇÃO CRISTÃ NO BRASIL;4,57E+13;SERRANA;SP;1;102;12/02/2026 22:37;12/02/2026 22:37
;842;ADM - SERTÃOZINHO - SP;CONGREGAÇÃO CRISTÃ NO BRASIL;4,54E+13;SERTÃOZINHO;SP;1;102;12/02/2026 22:37;12/02/2026 22:37
;843;ADM - MAUÁ - SP;CONGREGAÇÃO CRISTÃ NO BRASIL;5,15E+12;MAUÁ;SP;1;153;12/02/2026 22:37;12/02/2026 22:37
;844;ADM - RIBEIRÃO PIRES - SP;CONGREGAÇÃO CRISTÃ NO BRASIL;5,76E+13;RIBEIRÃO PIRES;SP;1;153;12/02/2026 22:37;12/02/2026 22:37
;845;ADM - SANTO ANDRÉ - SP;CONGREGAÇÃO CRISTÃ NO BRASIL;5,81E+13;SANTO ANDRÉ;SP;1;153;12/02/2026 22:37;12/02/2026 22:37
;846;ADM - SÃO BERNARDO DO CAMPO - SP;CONGREGAÇÃO CRISTÃ NO BRASIL;5,51E+13;SÃO BERNARDO DO CAMPO;SP;1;153;12/02/2026 22:37;12/02/2026 22:37
;847;ADM - CARAGUATATUBA - SP;CONGREGAÇÃO CRISTÃ NO BRASIL;4,70E+13;CARAGUATATUBA;SP;1;2;12/02/2026 22:37;12/02/2026 22:37
;848;ADM - PERUÍBE - SP;CONGREGAÇÃO CRISTÃ NO BRASIL;5,44E+13;PERUÍBE;SP;1;2;12/02/2026 22:37;12/02/2026 22:37
;849;ADM - PRAIA GRANDE - SP;CONGREGAÇÃO CRISTÃ NO BRASIL;2,14E+12;PRAIA GRANDE;SP;1;2;12/02/2026 22:37;12/02/2026 22:37
;850;ADM - SÃO SEBASTIÃO - SP;CONGREGAÇÃO CRISTÃ NO BRASIL;3,27E+12;SÃO SEBASTIÃO;SP;1;2;12/02/2026 22:37;12/02/2026 22:37
;851;ADM - UBATUBA - SP;CONGREGAÇÃO CRISTÃ NO BRASIL;7,27E+13;UBATUBA;SP;1;2;12/02/2026 22:37;12/02/2026 22:37
;852;ADM - JACUTINGA - MG;CONGREGAÇÃO CRISTÃ NO BRASIL;2,07E+13;JACUTINGA;MG;1;169;12/02/2026 22:37;12/02/2026 22:37
;853;ADM - AGUAÍ - SP;CONGREGAÇÃO CRISTÃ NO BRASIL;4,31E+13;AGUAÍ;SP;1;103;12/02/2026 22:37;12/02/2026 22:37
;854;ADM - DIVINOLÂNDIA - SP;CONGREGAÇÃO CRISTÃ NO BRASIL;5,99E+13;DIVINOLÂNDIA;SP;1;103;12/02/2026 22:37;12/02/2026 22:37
;855;ADM - ESPÍRITO SANTO DO PINHAL - SP;CONGREGAÇÃO CRISTÃ NO BRASIL;4,79E+13;ESPÍRITO SANTO DO PINHAL;SP;1;103;12/02/2026 22:37;12/02/2026 22:37
;856;ADM - ITAPIRA - SP;CONGREGAÇÃO CRISTÃ NO BRASIL;1,32E+12;ITAPIRA;SP;1;103;12/02/2026 22:37;12/02/2026 22:37
;857;ADM - MOGI GUAÇU - SP;CONGREGAÇÃO CRISTÃ NO BRASIL;1,36E+12;MOGI GUAÇU;SP;1;103;12/02/2026 22:37;12/02/2026 22:37
;858;ADM - MOGI MIRIM - SP;CONGREGAÇÃO CRISTÃ NO BRASIL;5,28E+13;MOGI MIRIM;SP;1;103;12/02/2026 22:37;12/02/2026 22:37
;859;ADM - SÃO JOÃO DA BOA VISTA - SP;CONGREGAÇÃO CRISTÃ NO BRASIL;5,98E+13;SÃO JOÃO DA BOA VISTA;SP;1;103;12/02/2026 22:37;12/02/2026 22:37
;860;ADM - SÃO JOSÉ DO RIO PARDO - SP;CONGREGAÇÃO CRISTÃ NO BRASIL;5,99E+13;SÃO JOSÉ DO RIO PARDO;SP;1;103;12/02/2026 22:37;12/02/2026 22:37
;861;ADM - SÃO SEBASTIÃO DA GRAMA - SP;CONGREGAÇÃO CRISTÃ NO BRASIL;4,96E+13;SÃO SEBASTIÃO DA GRAMA;SP;1;103;12/02/2026 22:37;12/02/2026 22:37
;862;ADM - VARGEM GRANDE DO SUL - SP;CONGREGAÇÃO CRISTÃ NO BRASIL;4,64E+13;VARGEM GRANDE DO SUL;SP;1;103;12/02/2026 22:37;12/02/2026 22:37
;863;ADM - CAJAMAR - SP;CONGREGAÇÃO CRISTÃ NO BRASIL;4,87E+13;CAJAMAR;SP;1;96;12/02/2026 22:37;12/02/2026 22:37
;864;ADM - FRANCO DA ROCHA - SP;CONGREGAÇÃO CRISTÃ NO BRASIL;4,43E+13;FRANCO DA ROCHA;SP;1;96;12/02/2026 22:37;12/02/2026 22:37
;865;ADM - ALUMÍNIO - SP;CONGREGAÇÃO CRISTÃ NO BRASIL;5,90E+13;ALUMÍNIO;SP;1;104;12/02/2026 22:37;12/02/2026 22:37
;866;ADM - ANGATUBA - SP;CONGREGAÇÃO CRISTÃ NO BRASIL;5,71E+13;ANGATUBA;SP;1;174;12/02/2026 22:37;12/02/2026 22:37
;867;ADM - ARAÇARIGUAMA - SP;CONGREGAÇÃO CRISTÃ NO BRASIL;1,09E+13;ARAÇARIGUAMA;SP;1;104;12/02/2026 22:37;12/02/2026 22:37
;868;ADM - ARAÇOIABA DA SERRA - SP;CONGREGAÇÃO CRISTÃ NO BRASIL;3,34E+11;ARAÇOIABA DA SERRA;SP;1;104;12/02/2026 22:37;12/02/2026 22:37
;869;ADM - BOFETE - SP;CONGREGAÇÃO CRISTÃ NO BRASIL;1,51E+13;BOFETE;SP;1;174;12/02/2026 22:37;12/02/2026 22:37
;870;ADM - BOITUVA - SP;CONGREGAÇÃO CRISTÃ NO BRASIL;5,90E+13;BOITUVA;SP;1;174;12/02/2026 22:37;12/02/2026 22:37
;871;ADM - CAPELA DO ALTO - SP;CONGREGAÇÃO CRISTÃ NO BRASIL;6,01E+13;CAPELA DO ALTO;SP;1;174;12/02/2026 22:37;12/02/2026 22:37
;872;ADM - CERQUILHO - SP;CONGREGAÇÃO CRISTÃ NO BRASIL;5,71E+13;CERQUILHO;SP;1;174;12/02/2026 22:37;12/02/2026 22:37
;873;ADM - CESÁRIO LANGE - SP;CONGREGAÇÃO CRISTÃ NO BRASIL;7,16E+13;CESÁRIO LANGE;SP;1;174;12/02/2026 22:37;12/02/2026 22:37
;874;ADM - CONCHAS - SP;CONGREGAÇÃO CRISTÃ NO BRASIL;4,96E+13;CONCHAS;SP;1;174;12/02/2026 22:37;12/02/2026 22:37
;875;ADM - ELIAS FAUSTO - SP;CONGREGAÇÃO CRISTÃ NO BRASIL;5,90E+13;ELIAS FAUSTO;SP;1;104;12/02/2026 22:37;12/02/2026 22:37
;876;ADM - GUAREÍ - SP;CONGREGAÇÃO CRISTÃ NO BRASIL;5,90E+13;GUAREÍ;SP;1;174;12/02/2026 22:37;12/02/2026 22:37
;877;ADM - IBIÚNA - SP;CONGREGAÇÃO CRISTÃ NO BRASIL;4,93E+13;IBIÚNA;SP;1;104;12/02/2026 22:37;12/02/2026 22:37
;878;ADM - IPERÓ - SP;CONGREGAÇÃO CRISTÃ NO BRASIL;7,19E+13;IPERÓ;SP;1;104;12/02/2026 22:37;12/02/2026 22:37
;879;ADM - ITAPETININGA - SP;CONGREGAÇÃO CRISTÃ NO BRASIL;4,54E+13;ITAPETININGA;SP;1;174;12/02/2026 22:37;12/02/2026 22:37
;880;ADM - ITU - SP;CONGREGAÇÃO CRISTÃ NO BRASIL;5,02E+13;ITU;SP;1;104;12/02/2026 22:37;12/02/2026 22:37
;881;ADM - LARANJAL PAULISTA - SP;CONGREGAÇÃO CRISTÃ NO BRASIL;5,08E+13;LARANJAL PAULISTA;SP;1;174;12/02/2026 22:37;12/02/2026 22:37
;882;ADM - MAIRINQUE - SP;CONGREGAÇÃO CRISTÃ NO BRASIL;5,19E+13;MAIRINQUE;SP;1;104;12/02/2026 22:37;12/02/2026 22:37
;883;ADM - PIEDADE - SP;CONGREGAÇÃO CRISTÃ NO BRASIL;5,40E+13;PIEDADE;SP;1;104;12/02/2026 22:37;12/02/2026 22:37
;884;ADM - PILAR DO SUL - SP;CONGREGAÇÃO CRISTÃ NO BRASIL;6,01E+13;PILAR DO SUL;SP;1;104;12/02/2026 22:37;12/02/2026 22:37
;885;ADM - PORTO FELIZ - SP;CONGREGAÇÃO CRISTÃ NO BRASIL;5,51E+13;PORTO FELIZ;SP;1;104;12/02/2026 22:37;12/02/2026 22:37
;886;ADM - SALTO - SP;CONGREGAÇÃO CRISTÃ NO BRASIL;5,67E+13;SALTO;SP;1;104;12/02/2026 22:37;12/02/2026 22:37
;887;ADM - SALTO DE PIRAPORA - SP;CONGREGAÇÃO CRISTÃ NO BRASIL;7,19E+13;SALTO DE PIRAPORA;SP;1;104;12/02/2026 22:37;12/02/2026 22:37
;888;ADM - SÃO MIGUEL ARCANJO - SP;CONGREGAÇÃO CRISTÃ NO BRASIL;5,90E+13;SÃO MIGUEL ARCANJO;SP;1;174;12/02/2026 22:37;12/02/2026 22:37
;889;ADM - SÃO ROQUE - SP;CONGREGAÇÃO CRISTÃ NO BRASIL;7,10E+13;SÃO ROQUE;SP;1;104;12/02/2026 22:37;12/02/2026 22:37
;890;ADM - SOROCABA - SP;CONGREGAÇÃO CRISTÃ NO BRASIL;7,15E+13;SOROCABA;SP;1;104;12/02/2026 22:37;12/02/2026 22:37
;891;ADM - TAPIRAÍ - SP;CONGREGAÇÃO CRISTÃ NO BRASIL;7,16E+13;TAPIRAÍ;SP;1;104;12/02/2026 22:37;12/02/2026 22:37
;892;ADM - TATUÍ - SP;CONGREGAÇÃO CRISTÃ NO BRASIL;7,22E+13;TATUÍ;SP;1;174;12/02/2026 22:37;12/02/2026 22:37
;893;ADM - TIETÊ - SP;CONGREGAÇÃO CRISTÃ NO BRASIL;5,08E+13;TIETÊ;SP;1;174;12/02/2026 22:37;12/02/2026 22:37
;894;ADM - VOTORANTIM - SP;CONGREGAÇÃO CRISTÃ NO BRASIL;7,16E+13;VOTORANTIM;SP;1;104;12/02/2026 22:37;12/02/2026 22:37
;895;ADM - ALVORADA - TO;CONGREGAÇÃO CRISTÃ NO BRASIL;1,63E+11;ALVORADA;TO;1;113;12/02/2026 22:37;12/02/2026 22:37
;896;ADM - ARAGUAÍNA - TO;CONGREGAÇÃO CRISTÃ NO BRASIL;2,77E+12;ARAGUAÍNA;TO;1;113;12/02/2026 22:37;12/02/2026 22:37
;897;ADM - COLINAS DO TOCANTINS - TO;CONGREGAÇÃO CRISTÃ NO BRASIL;1,88E+12;COLINAS DO TOCANTINS;TO;1;113;12/02/2026 22:37;12/02/2026 22:37
;898;ADM - DIANÓPOLIS - TO;CONGREGAÇÃO CRISTÃ NO BRASIL;6,32E+12;DIANÓPOLIS;TO;1;113;12/02/2026 22:37;12/02/2026 22:37
;899;ADM - GUARAÍ - TO;CONGREGAÇÃO CRISTÃ NO BRASIL;8,67E+12;GUARAÍ;TO;1;113;12/02/2026 22:37;12/02/2026 22:37
;900;ADM - GURUPI - TO;CONGREGAÇÃO CRISTÃ NO BRASIL;2,64E+12;GURUPI;TO;1;113;12/02/2026 22:37;12/02/2026 22:37
;901;ADM - MIRANORTE - TO;CONGREGAÇÃO CRISTÃ NO BRASIL;3,70E+13;MIRANORTE;TO;1;113;12/02/2026 22:37;12/02/2026 22:37
;902;ADM - PALMAS - TO;CONGREGAÇÃO CRISTÃ NO BRASIL;1,56E+11;PALMAS;TO;1;113;12/02/2026 22:37;12/02/2026 22:37
;903;ADM - PARAÍSO DO TOCANTINS - TO;CONGREGAÇÃO CRISTÃ NO BRASIL;6106000100;PARAÍSO DO TOCANTINS;TO;1;113;12/02/2026 22:37;12/02/2026 22:37
;904;ADM - PORTO NACIONAL - TO;CONGREGAÇÃO CRISTÃ NO BRASIL;1,47E+12;PORTO NACIONAL;TO;1;113;12/02/2026 22:37;12/02/2026 22:37
;905;ADM - GUANHÃES - MG;CONGREGAÇÃO CRISTÃ NO BRASIL;2,05E+13;GUANHÃES;MG;1;165;12/02/2026 22:37;12/02/2026 22:37
;906;ADM - JARINU - SP;CONGREGAÇÃO CRISTÃ NO BRASIL;2,18E+13;JARINU;SP;1;158;12/02/2026 22:37;12/02/2026 22:37
;907;ADM - LUCAS DO RIO VERDE - MT;CONGREGAÇÃO CRISTÃ NO BRASIL;2,20E+13;LUCAS DO RIO VERDE;MT;1;204;12/02/2026 22:37;12/02/2026 22:37
;908;ADM - ASSARÉ - CE;CONGREGAÇÃO CRISTÃ NO BRASIL;2,16E+13;ASSARÉ;CE;1;19;12/02/2026 22:37;12/02/2026 22:37
;909;ADM - LAVRAS DA MANGABEIRA - CE;CONGREGAÇÃO CRISTÃ NO BRASIL;2,16E+13;LAVRAS DA MANGABEIRA;CE;1;191;12/02/2026 22:37;12/02/2026 22:37
;910;ADM - LIMOEIRO - PE;CONGREGAÇÃO CRISTÃ NO BRASIL;2,18E+13;LIMOEIRO;PE;1;68;12/02/2026 22:37;12/02/2026 22:37
;911;ADM - ITATIAIA - RJ;CONGREGAÇÃO CRISTÃ NO BRASIL;2,05E+13;ITATIAIA;RJ;1;76;12/02/2026 22:37;12/02/2026 22:37
;912;ADM - SERRA - ES;CONGREGAÇÃO CRISTÃ NO BRASIL;2,40E+13;SERRA;ES;1;21;12/02/2026 22:37;12/02/2026 22:37
;913;ADM - FREDERICO WESTPHALEN - RS;CONGREGAÇÃO CRISTÃ NO BRASIL;2,41E+13;FREDERICO WESTPHALEN;RS;1;183;12/02/2026 22:37;12/02/2026 22:37
;914;ADM - CARIACICA - ES;CONGREGAÇÃO CRISTÃ NO BRASIL;2,48E+13;CARIACICA;ES;1;21;12/02/2026 22:37;12/02/2026 22:37
;915;ADM - SABARÁ - MG;CONGREGAÇÃO CRISTÃ NO BRASIL;;SABARÁ;MG;1;164;12/02/2026 22:37;12/02/2026 22:37
;916;ADM - TRÊS RIOS - RJ;CONGREGAÇÃO CRISTÃ NO BRASIL;;;;0;4;12/02/2026 22:37;12/02/2026 22:37
;917;ADM - CONSELHEIRO LAFAIETE - MG;CONGREGAÇÃO CRISTÃ NO BRASIL;2,70E+13;CONSELHEIRO LAFAIETE;MG;1;166;12/02/2026 22:37;12/02/2026 22:37
;918;ADM - TIMON - MA;CONGREGAÇÃO CRISTÃ NO BRASIL;2,71E+13;TIMON;MA;1;72;12/02/2026 22:37;12/02/2026 22:37
;919;ADM - PIRAQUARA - PR;CONGREGAÇÃO CRISTÃ NO BRASIL;2,77E+13;PIRAQUARA;PR;1;61;12/02/2026 22:37;12/02/2026 22:37
;920;ADM - CAIEIRAS - SP;CONGREGAÇÃO CRISTÃ NO BRASIL;2,98E+13;CAIEIRAS;SP;1;96;12/02/2026 22:37;12/02/2026 22:37
;921;ADM - FRANCISCO MORATO - SP;CONGREGAÇÃO CRISTÃ NO BRASIL;3,00E+13;FRANCISCO MORATO;SP;1;96;12/02/2026 22:37;12/02/2026 22:37
;922;ADM - RIBEIRÃO DAS NEVES - MG;CONGREGAÇÃO CRISTÃ NO BRASIL;3,00E+13;RIBEIRÃO DAS NEVES;MG;1;164;12/02/2026 22:37;12/02/2026 22:37
;923;ADM - CURVELO - MG;CONGREGAÇÃO CRISTÃ NO BRASIL;3,10E+13;CURVELO;MG;1;165;12/02/2026 22:37;12/02/2026 22:37
;924;ADM - SARANDI - PR;CONGREGAÇÃO CRISTÃ NO BRASIL;3,17E+13;SARANDI;PR;1;63;12/02/2026 22:37;12/02/2026 22:37
;925;ADM - RIO BRANCO 2;CONGREGAÇÃO CRISTÃ NO BRASIL;;RIO BRANCO 2;AC;1;136;12/02/2026 22:37;12/02/2026 22:37
;926;ADM - PAULISTANA - PI;CONGREGAÇÃO CRISTÃ NO BRASIL;3,28E+13;PAULISTANA;PI;1;162;12/02/2026 22:37;12/02/2026 22:37
;927;ADM - IGUATU - CE;CONGREGAÇÃO CRISTÃ NO BRASIL;3,28E+13;IGUATU;CE;1;19;12/02/2026 22:37;12/02/2026 22:37
;928;ADM - BATAGUASSU - MS;CONGREGAÇÃO CRISTÃ NO BRASIL;3,35E+13;BATAGUASSU;MS;1;100;12/02/2026 22:37;12/02/2026 22:37
;929;ADM - CAMPO MAIOR - PI;CONGREGAÇÃO CRISTÃ NO BRASIL;3,38E+13;CAMPO MAIOR;PI;1;72;12/02/2026 22:37;12/02/2026 22:37
;930;ADM - PARNAÍBA - PI;CONGREGAÇÃO CRISTÃ NO BRASIL;3,38E+13;PARNAÍBA;PI;1;72;12/02/2026 22:37;12/02/2026 22:37
;931;ADM - LINHARES - ES;CONGREGAÇÃO CRISTÃ NO BRASIL;3,45E+13;LINHARES;ES;1;190;12/02/2026 22:37;12/02/2026 22:37
;932;ADM - CAMPO NOVO DO PARECIS - MT;CONGREGAÇÃO CRISTÃ NO BRASIL;3,50E+13;CAMPO NOVO DO PARECIS;MT;1;185;12/02/2026 22:37;12/02/2026 22:37
;933;ADM - GEOGRAFICA(NFE);CONGREGAÇÃO CRISTÃ NO BRASIL;;SÃO PAULO;SP;1;1;12/02/2026 22:37;12/02/2026 22:37
;934;ADM - NOVA CRIXÁS - GO;CONGREGAÇÃO CRISTÃ NO BRASIL;3,55E+13;NOVA CRIXÁS;GO;1;177;12/02/2026 22:37;12/02/2026 22:37
;935;ADM - PAIÇANDÚ - PR;CONGREGAÇÃO CRISTÃ NO BRASIL;4,01E+13;PAIÇANDU;PR;1;63;12/02/2026 22:37;12/02/2026 22:37
;936;ADM - MANDAGUAÇÚ - PR;CONGREGAÇÃO CRISTÃ NO BRASIL;4,01E+13;MANDAGUAÇU;PR;1;63;12/02/2026 22:37;12/02/2026 22:37
;937;ADM - IBIRITÉ - MG;CONGREGAÇÃO CRISTÃ NO BRASIL;4,08E+13;IBIRITÉ;MG;1;49;12/02/2026 22:37;12/02/2026 22:37
;938;ADM - AUGUSTINÓPOLIS - TO;CONGREGAÇÃO CRISTÃ NO BRASIL;4,12E+13;AUGUSTINÓPOLIS;TO;1;30;12/02/2026 22:37;12/02/2026 22:37
;939;ADM - SETOR DISTRIBUIDORA GERAL BRÁS - NOVO ENDEREÇO - SP;CONGREGAÇÃO CRISTÃ NO BRASIL;6,15E+13;SÃO PAULO;SP;1;1;12/02/2026 22:37;12/02/2026 22:37
;940;ADM - CONGONHAS - MG;CONGREGAÇÃO CRISTÃ NO BRASIL;4,50E+13;CONGONHAS;MG;1;166;12/02/2026 22:37;12/02/2026 22:37
;941;ADM - BOM JARDIM - RJ;CONGREGAÇÃO CRISTÃ NO BRASIL;4,50E+13;BOM JARDIM;RJ;1;179;12/02/2026 22:37;12/02/2026 22:37
;942;ADM - SUMIDOURO- RJ;CONGREGAÇÃO CRISTÃ NO BRASIL;4,53E+13;SUMIDOURO;RJ;1;179;12/02/2026 22:37;12/02/2026 22:37
;943;ADM - PIRACAIA - SP - SP;CONGREGAÇÃO CRISTÃ NO BRASIL;5,25E+13;PIRACAIA;SP;1;158;12/02/2026 22:37;12/02/2026 22:37
;944;ADM - EXTREMA - MG;CONGREGAÇÃO CRISTÃ NO BRASIL;5,62E+13;EXTREMA;MG;1;169;12/02/2026 22:37;12/02/2026 22:37
;945;ADM - ITANHAEM - SP;CONGREGAÇÃO CRISTÃ NO BRASIL;4,92E+13;ITANHAÉM;SP;1;2;12/02/2026 22:37;12/02/2026 22:37
;946;ADM - RIO GRANDE - RS;CONGREGAÇÃO CRISTÃ NO BRASIL;4,92E+13;RIO GRANDE;RS;1;74;12/02/2026 22:37;12/02/2026 22:37
;947;ADM - ITAPEMIRIM - ES;CONGREGAÇÃO CRISTÃ NO BRASIL;4,92E+13;ITAPEMIRIM;ES;1;211;12/02/2026 22:37;12/02/2026 22:37
;948;ADM - CANOAS - RS;CONGREGAÇÃO CRISTÃ NO BRASIL;4,94E+13;CANOAS;RS;1;74;12/02/2026 22:37;12/02/2026 22:37
;949;ADM - TAQUARI -RS;CONGREGAÇÃO CRISTÃ NO BRASIL;4,94E+13;TAQUARI;RS;1;188;12/02/2026 22:37;12/02/2026 22:37
;950;ADM - SÃO LUIS DO QUITUNDE - AL;CONGREGAÇÃO CRISTÃ NO BRASIL;5,30E+13;SÃO LUIS DO QUITUNDE;AL;1;114;12/02/2026 22:37;12/02/2026 22:37
;951;ADM - CAPELA - AL;CONGREGAÇÃO CRISTÃ NO BRASIL;5,29E+13;CAPELA;AL;1;114;12/02/2026 22:37;12/02/2026 22:37
;952;ADM - ARACRUZ - ES;CONGREGAÇÃO CRISTÃ NO BRASIL;5,32E+13;ARACRUZ;ES;1;21;12/02/2026 22:37;12/02/2026 22:37
;953;ADM - BELFORD ROXO - RJ;CONGREGAÇÃO CRISTÃ NO BRASIL;5,40E+13;BELFORD ROXO;RJ;1;171;12/02/2026 22:37;12/02/2026 22:37
;954;ADM - IGARAPÉ - MG;CONGREGAÇÃO CRISTÃ NO BRASIL;5,46E+13;IGARAPÉ;MG;1;49;12/02/2026 22:37;12/02/2026 22:37
;955;ADM - PAROBÉ - RS;CONGREGAÇÃO CRISTÃ NO BRASIL;4,97E+13;PAROBÉ;RS;1;188;12/02/2026 22:37;12/02/2026 22:37
;956;ADM - PINHEIRO - MA;CONGREGAÇÃO CRISTÃ NO BRASIL;4,98E+13;PINHEIRO;MA;1;31;12/02/2026 22:37;12/02/2026 22:37
;957;ADM - CHAPADINHA - MA;CONGREGAÇÃO CRISTÃ NO BRASIL;5,03E+13;CHAPADINHA;MA;1;31;12/02/2026 22:37;12/02/2026 22:37
;958;ADM - NOVA SERRANA - MG;CONGREGAÇÃO CRISTÃ NO BRASIL;5,07E+13;NOVA SERRANA;MG;1;49;12/02/2026 22:37;12/02/2026 22:37
;959;ADM - TEOTÔNIO VILELA - AL;CONGREGAÇÃO CRISTÃ NO BRASIL;5,49E+13;TEOTÔNIO VILELA;AL;1;114;12/02/2026 22:37;12/02/2026 22:37
;960;ADM - PRESIDENTE PRUDENTE - SP;CONGREGAÇÃO CRISTÃ NO BRASIL;4,64E+13;PRESIDENTE PRUDENTE;SP;1;209;12/02/2026 22:37;12/02/2026 22:37
;961;ADM - CAUCAIA - CE;CONGREGAÇÃO CRISTÃ NO BRASIL;5,49E+13;CAUCAIA;CE;1;20;12/02/2026 22:37;12/02/2026 22:37
;962;ADM - NILÓPOLIS - RJ;CONGREGAÇÃO CRISTÃ NO BRASIL;5,22E+13;NILÓPOLIS;RJ;1;187;12/02/2026 22:37;12/02/2026 22:37
;963;ADM - PLACAS - PA;CONGREGAÇÃO CRISTÃ NO BRASIL;5,50E+13;PLACAS;PA;1;52;12/02/2026 22:37;12/02/2026 22:37
;964;ADM - GUARACIABA DO NORTE - CE;CONGREGAÇÃO CRISTÃ NO BRASIL;5,71E+13;GUARACIABA DO NORTE;CE;1;214;12/02/2026 22:37;12/02/2026 22:37
;965;ADM - CACULÉ - BA;CONGREGAÇÃO CRISTÃ NO BRASIL;5,78E+13;CACULÉ;BA;1;12;12/02/2026 22:37;12/02/2026 22:37
;966;SET - 04 - SIMÕES FILHO;CONGREGAÇÃO CRISTÃ NO BRASIL;1,47E+13;;;0;4;12/02/2026 22:37;12/02/2026 22:37
